﻿<skin ver="1.0" name="XMAN" url="http://22766966.qzone.qq.com" by="lee jinxi" email="ljx9812@163.com" mask_color="#FC0101">
	<!--设置窗口-->
	<option xywh="-100C, 220C, 359, 270" src="w_list.png" mask="" lock="" display="" group="">
		<!--设置面板-->
		<pane xywh="-2C, -4C, 81P, 72P" align="left" font="宋体" size="12" color="#FC0101, #FFFFFF"/>
		<!--面板滚动条-->
		<scrollbar thumb_src="scrollbar_thumb.png" button_src="scrollbar_button.png" track_src="scrollbar_track.png"/>
		<!--关闭按钮-->
		<bt_close xywh="326,7, 19,19" src="close.png"/>
	</option>
	<!--歌词窗口-->
	<lrc xywh="-190C, -195C,279, 143" src="w_lrc.png" mask="" lock="0" display="" group="">
		<!--歌词内容面板-->
		<text xywh="30, -4C, 85P, 48P" align="center" font="宋体" size="12" color="#FC0101, #FFFFFF"/>
		<!--关闭按钮-->
		<bt_close xywh="246, 7, 19, 19" src="close.png"/>
	</lrc>
		<!--媒体窗口-->
	<media xywh="220C, -90C,360, 288" src="w_video.png" mask="" lock="" display="1" group="">
		<!--视频区(包括混音器)-->
		<video xywh="-1C, -3C, 82P, 76P"/>
		<!--关闭按钮-->
		<bt_close xywh="326,7, 19, 19" src="close.png"/>
	</media>
<!--列表窗口-->
	<list xywh="220C, 55C, 359, 270" src="w_list.png" mask="" lock="0" display="1" group="">
		<!--音乐分类列表-->
		<list1 xywh="32, -3C, 32P, 73P" align="left" font="宋体" size="12" color="#FC0101, #FFFFFF"/>
		<!--音乐列表-->
		<list2 xywh="139, -3C, 83P, 73P" align="left" font="宋体" size="12" color="#FC0101, #FFFFFF"/>
		<!--列表滚动条-->
		<scrollbar thumb_src="scrollbar_thumb.png" button_src="scrollbar_button.png" track_src="scrollbar_track.png"/>
		<!--关闭按钮-->
		<bt_close xywh="326,7, 19,19" src="close.png"/>
	</list>

	<!--控制台窗口-->
	<console xywh="-150C, 0C, 351,351" src="newskin.swf" mask="" lock="" display="1" group="A">
		<!--播放及暂停按钮-->
		<bt_play xywh="-4C, -133C, 82,25" src="play.png"/>
		<!--停止按钮-->
		<bt_stop xywh="-4C, 133C, 82, 25" src="stop.png"/>
		<!--上一首按钮-->
		<bt_prev xywh="-132C, C, 27, 82" src="prev.png"/>
		<!--下一首按钮-->
		<bt_next xywh="127C, 0C,27, 82" src="next.png"/>
		<!--随机播放开启按钮-->
		<bt_random xywh="0, 0, 1, 1" src="bt_random.png"/>
		<!--重复播放开启按钮-->
		<bt_repeat xywh="254C, -148C, 20, 12" src="bt_repeat.png"/>
		<!--静音切换按钮-->
		<bt_mute xywh="-62C, 62C, 53, 53" src="mute.png"/>
		<!--音量调节条-->
		<volume xywh="-95C, -82C,94,106" thumb_src="2.PNG" track_src="volume.png"/>
		<!--播放进度条-->
		<progress xywh="-3C, -1C, 191, 2" thumb_src="1.png" track_src="progress_track.png"/>
		<!--列表窗口打开和关闭按钮-->
		<bt_list xywh="152C, 0C,37, 159" src="bt_list.png"/>
		<!--视频窗口打开和关闭按钮-->
		<bt_video xywh="-2C, 154C, 167, 38" src="bt_video.png"/>
		<!--歌词窗口打开和关闭按钮-->
		<bt_lrc xywh="-157C, 0C,37, 159" src="bt_lrc.png"/>
		<!--设置窗口打开和关闭按钮-->
		<bt_option xywh="-4C, -156C, 167, 38" src="bt_option.png"/>
		<!--全屏切换按钮-->
		<bt_fullscreen xywh="0, 0,1, 1" src="bt_fullscreen.png"/>
		<!--标题信息栏-->
		<title xywh="-4C, -28C, 170, 18" align="center" font="宋体" size="12" color="#FC0101" borderColor="" backgroundColor="" bold=""/>
		<!--播放状态信息栏-->
		<status xywh="-4C, 28C, 170, 18" align="center" font="宋体" size="12" color="#FC0101" borderColor="" backgroundColor="" bold=""/>
		<!--播放时间栏(当前时间及总时间)-->
		<time xywh="-3C, 50C, 100, 18" align="center" font="宋体" size="12" color="#FC0101" borderColor="" backgroundColor="" bold="1"/>
	</console>
</skin>