﻿<skin ver="2.0" name="奥运福娃" url="http://fdwt.xld8.cn" by="问天" email="fdwt@21cn.com" mask_color="">


	<!--设置窗口-->
	<option xywh="0C, 0C, 336, 273" src="option.PNG" lock="1" display="0" group="A">
		<pane xywh="6, 26, 327, 236" align="left" font="宋体" size="12" color="#89A4FF, #ffffff" />
		<scrollbar thumb_src="scrollbar_thumb.PNG" button_src="scrollbar_button.PNG" />
		<bt_close xywh="314, 4, 20, 20" src="bt_close.PNG" />
	</option>


	<!--控制台窗口-->
	<console xywh="-132C, -83C, 334, 275" src="console.PNG" lock="0" display="1" group="B">
		<bt_play xywh="184, 238, 34, 34" src="bt_play.PNG" />
                <bt_stop xywh="106, 240, 28, 28" src="bt_stop.PNG" />
		<bt_prev xywh="150, 240, 28, 28" src="bt_prev.PNG" />
		<bt_next xywh="224, 240, 28, 28" src="bt_next.PNG" />
		<bt_mute xywh="224, 176, 28, 21" src="bt_mute.PNG" />
		<bt_random xywh="266, 104, 20, 20" src="bt_random.PNG" />
		<bt_repeat xywh="288, 104, 20, 20" src="bt_repeat.PNG" />
		<volume xywh="252, 183, 70, 6" thumb_src="volume_thumb.PNG" track_src="volume_track.PNG" />
		<progress xywh="76, 230, 255, 3" thumb_src="progress_thumb.PNG" track_src="progress_track.PNG" />
		<bt_list xywh="296, 208, 29, 17" src="bt_list.PNG" />
		<bt_video xywh="228, 208, 29, 17" src="bt_video.PNG" />
		<bt_lrc xywh="262, 208, 29, 17" src="bt_lrc.PNG" />
		<bt_option xywh="258, 240, 28, 28" src="bt_option.PNG" />
		<bt_fullscreen xywh="310, 104, 20, 20" src="bt_fullscreen.PNG"/>
		<title xywh="80, 182, 120, 18" align="left" font="宋体" size="12" color="#00CCFF" />
		<status xywh="80, 210, 120, 18" align="left" font="宋体" size="12" color="#89A4FF" />
		<time xywh="230, 156, 100, 18" align="right" font="宋体" size="12" color="#89A4FF" />
	</console>

	<!--列表窗口-->
	<list xywh="-97C, 138C, 263, 166" src="list.PNG" lock="0" display="1" group="B">
		<list1 xywh="5, 47, 100, 112" align="center" font="宋体" size="12" color="#89A4FF, #00CCFF" />
		<list2 xywh="105, 47, 154, 112" align="left" font="宋体" size="12" color="#89A4FF, #00CCFF" />
		<scrollbar thumb_src="scrollbar_thumb.PNG" button_src="scrollbar_button.PNG" />
		<bt_close xywh="240, 4, 20, 20" src="bt_close.PNG" />
	</list>
	
	<!--歌词窗口-->
	<lrc xywh="166C, -33C, 263, 174" src="lrc.PNG" lock="0" display="1" group="B">
		<text xywh="4, 26, 252, 134" align="center" font="宋体" size="12" color="#89A4FF, #00CCFF" />
		<bt_close xywh="240, 4, 20, 20" src="bt_close.PNG" />
	</lrc>

	<!--媒体窗口-->
	<media xywh="166C, 138c, 263, 166" src="media.PNG" lock="0" display="1" group="B">
		<video xywh="4, 26, 253, 129" />
		<bt_close xywh="240, 4, 20, 20" src="bt_close.PNG" />
	</media>

</skin>