﻿<skin ver="1.3" name="WMP6.4" url="http://bbs.cenfun.com/" by="CenFun" email="cenfun@gmail.com" mask_color="">
	<!--
	移植自Windows Meidia Player 6.4的默认经典样式

	ver="皮肤的版本号" name="皮肤名称" url="皮肤官方网址" by="皮肤作者" email="联系人电子邮箱"
	mask_color为透明色(镂空色)，如: mask_color="#FF00FF" 则所有皮肤中的紫红色#FF00FF将透明显示
	默认透明色为空，推荐为空以提高性能，因为png本身支持alpha通道透明度，如果不方便制作透明格式时再采用
	更换窗口标记段(<option /><list /><lrc /><media /><console />)的顺序，即可进行窗口叠放排序

	部分参数说明如下：

	===公共属性===
	【xywh】
	为4个数值，用英文逗号(,)隔开，分别表示对象的x横坐标、y纵坐标、w宽、h高
	若只有数字表示绝对像素值，也可数字加以下字母表相对值：
	x/y:C(center水平/垂直居中对齐), R(reverse水平/垂直反向对齐，即从右下角对齐，默认为左上角)
	w/h:P(percent宽/高百分比), B(border宽的左右边距/高的上下边距)
	【src】
	皮肤源地址(皮肤包中的文件全名，支持路径)，支持格式有Flash动画文件(SWF仅窗口支持)或图像文件(JPG、PNG、GIF)
	具体皮肤文件要求，请参见CMP皮肤模板包文件
	背景为1个状态，按钮为4个状态(4x1,切割方式,即横向切成4份,竖排切成1份)

	===窗口相关===
	【mask】
	窗口遮罩动画，与窗口的最底层背景相对应，其位于窗口的最顶层
	可完成窗口进入动画，圆角视频，开门，点缀动画等效果。仅为实现某些特殊效果提供补充，推荐高级用户使用
	注意：请慎用此属性，使用不当将导致位于其下层的按钮、列表等控件被挡住而失灵(可在播放完置于空帧，并stop停止；不能用全透明，依旧会其被挡住)
	且动画仅完成在容器左顶点的加载，不触发大小和位置的改变，并禁用鼠标事件，适用于固定大小窗口
	【lock】
	是否锁定对象，锁定后将不能拖动对象和改变对象叠放层次
	1表示锁定；0表示不锁定
	【display】
	是否显示对象
	1表示显示对象；0表示隐藏对象
	【group】
	对象分组
	如果两个窗口的分组值相同，则拖动其中一个，另一个也会发生联动；否则窗口之间将不会相互影响
	默认5个窗口都在不同组，如A,B,C,D,E，即它们互不干涉

	===滑动条及滚动条===
	【thumb_src】
	滑块的皮肤源地址，滑动条中为4个状态(4x1)，滚动条为3个状态(3x1)
	【track_src】
	滑块轨道的皮肤源地址，进度条及音量条分2个状态(1x2)，列表滚动条为1个状态
	【button_src】
	滚动条上下按钮皮肤源地址，6个状态(3x2)

	===文本格式===
	【align】
	对齐方式，支持left(居左)、center(居中)、right(居右)三种
	【font】
	字体名称，默认为Verdana
	【size】
	字体大小，单位为像素，默认为12
	【color】
	歌词的颜色，分两个值，第一个颜色表默认所有的颜色，第二个表加亮行颜色。
	相关颜色值可去(http://cmp.cenfun.com/help/color.htm)查询
	【borderColor】【backgroundColor】【bold】
	边框色/背景色/是否加粗字体(0/1)
	仅title/status/time支持

	-->

	<!--设置窗口-->
	<option xywh="0C, -17C, 440, 260" src="win.png" mask="" lock="1" display="0" group="A">
		<!--设置面板-->
		<pane xywh="0, 0, 100P, 100P" align="left" font="宋体" size="12" color="#000000, #0000FF" />
		<!--面板滚动条-->
		<scrollbar thumb_src="scrollbar_thumb.png" button_src="scrollbar_button.png" track_src="scrollbar_track.png"/>
		<!--关闭按钮-->
		<bt_close xywh="0, 0, 1, 1" src="" />
	</option>

	<!--列表窗口-->
	<list xywh="0C, -17C, 440, 260" src="win.png" mask="" lock="1" display="0" group="A">
		<!--音乐分类列表-->
		<list1 xywh="0, 0, 20P, 100P" align="left" font="宋体" size="12" color="#000000, #0000FF" />
		<!--音乐列表-->
		<list2 xywh="0R, 0, 80P, 100P" align="left" font="宋体" size="12" color="#000000, #0000FF" />
		<!--列表滚动条-->
		<scrollbar thumb_src="scrollbar_thumb.png" button_src="scrollbar_button.png" track_src="scrollbar_track.png"/>
		<!--关闭按钮-->
		<bt_close xywh="0, 0, 1, 1" src="" />
	</list>
	<!--歌词窗口-->
	<lrc xywh="0C, -17C, 440, 260" src="" mask="" lock="1" display="0" group="A">
		<!--歌词内容面板-->
		<text xywh="0, 0, 100P, 100P" align="center" font="宋体" size="12" color="#00ff00, #ffffff" />
		<!--关闭按钮-->
		<bt_close xywh="0, 0, 1, 1" src="" />
	</lrc>

	<!--媒体窗口-->
	<media xywh="0C, -17C, 440, 260" src="" mask="" lock="0" display="1" group="A">
		<!--视频区(包括混音器)-->
		<video xywh="0, 0, 100P, 100P" />
		<!--关闭按钮-->
		<bt_close xywh="0, 0, 1, 1" src="" />
	</media>


	<!--控制台窗口-->
	<console xywh="0C, 0C, 450, 380" src="console.png" mask="mask.swf" lock="0" display="1" group="A">
		<!--播放及暂停按钮-->
		<bt_play xywh="7, 327, 21, 21" src="bt_play.png" />
		<!--停止按钮-->
		<bt_stop xywh="29, 327, 21, 21" src="bt_stop.png" />
		<!--上一首按钮-->
		<bt_prev xywh="60, 327, 21, 21" src="bt_prev.png" />
		<!--下一首按钮-->
		<bt_next xywh="82, 327, 21, 21" src="bt_next.png" />
		<!--随机播放开启按钮-->
		<bt_random xywh="114, 327, 21, 21" src="bt_random.png" />
		<!--重复播放开启按钮-->
		<bt_repeat xywh="136, 327, 21, 21" src="bt_repeat.png" />
		<!--静音切换按钮-->
		<bt_mute xywh="60R, 327, 21, 21" src="bt_mute.png" />
		<!--音量调节条-->
		<volume xywh="8R, 327, 48, 21" thumb_src="volume_thumb.png" track_src="volume_track.png" />
		<!--播放进度条-->
		<progress xywh="0C, 310, 430, 9" thumb_src="progress_thumb.png" track_src="progress_track.png" />
		<!--列表窗口打开和关闭按钮-->
		<bt_list xywh="4, 23, 54, 18" src="bt_list.png" />
		<!--视频窗口打开和关闭按钮-->
		<bt_video xywh="0, 0, 1, 1" src="" />
		<!--歌词窗口打开和关闭按钮-->
		<bt_lrc xywh="59, 23, 54, 18" src="bt_lrc.png" />
		<!--设置窗口打开和关闭按钮-->
		<bt_option xywh="114, 23, 54, 18" src="bt_option.png" />
		<!--全屏切换按钮-->
		<bt_fullscreen xywh="6R, 6, 16, 14" src="bt_fullscreen.png"/>
		<!--标题信息栏-->
		<title xywh="0C, 5, 400, 18" align="left" font="宋体" size="12" color="#ffffff" borderColor="" backgroundColor="" bold="" />
		<!--播放状态信息栏-->
		<status xywh="10, 5R, 300, 18" align="left" font="宋体" size="12" color="#ffffff" borderColor="" backgroundColor="" bold="" />
		<!--播放时间栏(当前时间及总时间)-->
		<time xywh="10R, 5R, 100, 18" align="right" font="宋体" size="12" color="#ffffff" borderColor="" backgroundColor="" bold="" />
	</console>

</skin>