﻿<skin ver="1.0" name="XBOX" url="http://22766966.qzone.qq.com" by="lee jinxi" email="ljx9812@163.com" mask_color="#c12222">
	<!--设置窗口-->
	<option xywh="20C, 0C,280, 234" src="window.png" mask="" lock="" display="" group="">
		<!--设置面板-->
		<pane xywh="-2C, -4C, 91P, 65P" align="left" font="宋体" size="12" color="#98ff00, #ffffff"/>
		<!--面板滚动条-->
		<scrollbar thumb_src="scrollbar_thumb.png" button_src="scrollbar_button.png" track_src="scrollbar_track.png"/>
		<!--关闭按钮-->
		<bt_close xywh="250, 4, 24, 24" src="close.png"/>
	</option>
	<!--歌词窗口-->
	<lrc xywh="100C, 0C, 280, 172" src="window1.png" mask="" lock="0" display="" group="">
		<!--歌词内容面板-->
		<text xywh="10, -5C, 95P, 53P" align="center" font="宋体" size="12" color="#98ff00, #ffffff"/>
		<!--关闭按钮-->
		<bt_close xywh="250, 4, 24, 24" src="close.png"/>
	</lrc>
	<!--列表窗口-->
	<list xywh="100C, 130C, 280, 172" src="window1.png" mask="" lock="0" display="1" group="">
		<!--音乐分类列表-->
		<list1 xywh="11, -5C, 40P, 53P" align="left" font="宋体" size="12" color="#98ff00, #ffffff"/>
		<!--音乐列表-->
		<list2 xywh="120, -5C, 90P, 53P" align="left" font="宋体" size="12" color="#98ff00, #ffffff"/>
		<!--列表滚动条-->
		<scrollbar thumb_src="scrollbar_thumb.png" button_src="scrollbar_button.png" track_src="scrollbar_track.png"/>
		<!--关闭按钮-->
		<bt_close xywh="250, 4, 24, 24" src="close.png"/>
	</list>
	<!--媒体窗口-->
	<media xywh="100C, -80C,280, 234" src="window.png" mask="" lock="" display="1" group="">
		<!--视频区(包括混音器)-->
		<video xywh="-1C, -4C, 93P, 63P"/>
		<!--关闭按钮-->
		<bt_close xywh="250, 4, 24, 24" src="close.png"/>
	</media>
	<!--控制台窗口-->
	<console xywh="-150C, 0C, 212, 410" src="newskin.png" mask="" lock="" display="1" group="A">
		<!--播放及暂停按钮-->
		<bt_play xywh="-1C, -162C, 43,43" src="play.png"/>
		<!--停止按钮-->
		<bt_stop xywh="41C, -133C, 49, 53" src="stop.png"/>
		<!--上一首按钮-->
		<bt_prev xywh="-42C, -171C, 45, 45" src="prev.png"/>
		<!--下一首按钮-->
		<bt_next xywh="40C, -171C,40, 45" src="next.png"/>
		<!--随机播放开启按钮-->
		<bt_random xywh="14C, 66C, 19, 19" src="bt_random.png"/>
		<!--重复播放开启按钮-->
		<bt_repeat xywh="254C, -148C, 20, 12" src="bt_repeat.png"/>
		<!--静音切换按钮-->
		<bt_mute xywh="-3C, 140C, 15, 12" src="mute.png"/>
		<!--音量调节条-->
		<volume xywh="-2C, 178C, 82, 24" thumb_src="" track_src="volume.png"/>
		<!--播放进度条-->
		<progress xywh="-1C, -56C, 108, 8" thumb_src="1.png" track_src="progress_track.png"/>
		<!--列表窗口打开和关闭按钮-->
		<bt_list xywh="-4C, 111C, 16, 14" src="bt_list.png"/>
		<!--视频窗口打开和关闭按钮-->
		<bt_video xywh="-3C, 96C, 20, 14" src="bt_video.png"/>
		<!--歌词窗口打开和关闭按钮-->
		<bt_lrc xywh="-4C, 125C, 17, 14" src="bt_lrc.png"/>
		<!--设置窗口打开和关闭按钮-->
		<bt_option xywh="-42C, -137C, 44, 44" src="bt_option.png"/>
		<!--全屏切换按钮-->
		<bt_fullscreen xywh="-21C, 66C,18, 18" src="bt_fullscreen.png"/>
		<!--标题信息栏-->
		<title xywh="0C, -33C, 100, 18" align="center" font="宋体" size="12" color="#98FF00" borderColor="" backgroundColor="" bold=""/>
		<!--播放状态信息栏-->
		<status xywh="0C, -10C, 70, 18" align="center" font="宋体" size="12" color="#98FF00" borderColor="" backgroundColor="" bold=""/>
		<!--播放时间栏(当前时间及总时间)-->
		<time xywh="0C, -73C, 100, 18" align="center" font="宋体" size="12" color="#98FF00" borderColor="" backgroundColor="" bold="1"/>
	</console>
</skin>