﻿<skin ver="1.0" name="CMP3默认样式全屏版" url="http://bbs.cenfun.com/" by="CenFun" email="cenfun@gmail.com" mask_color="">
	

	<option xywh="5, 44, 5B, 43B" src="win.png" mask="" lock="1" display="0" group="B">

		<pane xywh="0, 0, 100P, 100P" align="left" font="宋体" size="12" color="#666666, #ffffff" />

		<scrollbar thumb_src="scrollbar_thumb.png" button_src="scrollbar_button.png" track_src=""/>

		<bt_close xywh="10R, 6, 38, 18" src="bt_close.png" />
	</option>


	<list xywh="5, 44, 5B, 43B" src="win.png" mask="" lock="1" display="0" group="B">

		<list1 xywh="0, 0, 30P, 100P" align="left" font="宋体" size="12" color="#666666, #ffffff" />

		<list2 xywh="0R, 0, 70P, 100P" align="right" font="宋体" size="12" color="#666666, #ffffff" />

		<scrollbar thumb_src="scrollbar_thumb.png" button_src="scrollbar_button.png" track_src=""/>

		<bt_close xywh="10R, 6, 1, 1" src="" />
	</list>
	

	<lrc xywh="5, 42R, 5B, 18" src="win.png" mask="" lock="1" display="1" group="B">
		
		<text xywh="0, 0, 100P, 100P" align="center" font="宋体" size="12" color="#666666, #ffffff" />
		
		<bt_close xywh="10R, 6, 1, 1" src="" />
	</lrc>

	<media xywh="5, 43, 5B, 43B" src="" mask="" lock="0" display="1" group="B">
		
		<video xywh="0, 0, 100P, 100P" />
		
		<bt_close xywh="10R, 6, 1, 1" src="" />
	</media>


	
	<console xywh="0C, 0C, 100P, 100P" src="console.png" mask="" lock="1" display="1" group="B">
		
		<bt_play xywh="17, 16R, 13, 13" src="bt_play.png" />
		
		<bt_stop xywh="37, 16R, 13, 13" src="bt_stop.png" />
		
		<bt_prev xywh="57, 16R, 13, 13" src="bt_prev.png" />
		
		<bt_next xywh="77, 16R, 13, 13" src="bt_next.png" />
		
		<bt_random xywh="97, 16R, 13, 13" src="bt_random.png" />
		
		<bt_repeat xywh="117, 16R, 13, 13" src="bt_repeat.png" />
		
		<bt_mute xywh="95R, 16R, 13, 13" src="bt_mute.png" />
		
		<volume xywh="16R, 20R, 76, 6" thumb_src="volume_thumb.png" track_src="volume_track.png" />
		
		<progress xywh="135, 20R, 125B, 7" thumb_src="progress_thumb.png" track_src="progress_track.png" />
		
		<bt_list xywh="95R, 7, 13, 13" src="bt_list.png" />
		
		<bt_video xywh="75R, 7, 13, 13" src="bt_video.png" />
		
		<bt_lrc xywh="55R, 7, 13, 13" src="bt_lrc.png" />
		
		<bt_option xywh="35R, 7, 13, 13" src="bt_option.png" />
	
		<bt_fullscreen xywh="15R, 7, 13, 13" src="bt_fullscreen.png"/>
		
		<title xywh="15, 6, 100B, 18" align="left" font="宋体" size="12" color="#aeaeae" borderColor="" backgroundColor="" bold="" />
	
		<status xywh="15, 26, 100B, 18" align="left" font="宋体" size="12" color="#aeaeae" borderColor="" backgroundColor="" bold="" />
	
		<time xywh="15R, 26, 100, 18" align="right" font="宋体" size="12" color="#aeaeae" borderColor="" backgroundColor="" bold="" />
	</console>

</skin>