﻿<skin ver="1.0" name="皮肤4" url="http://253423187.qzone.qq.com" by="路过恋人" email="huoqingchun88@163.com">
	<!--版权所有。修改请保留原作者信息。
	-->

	<!--设置窗口-->
	<option xywh="0C, 0C, 254, 145" src="window.swf" lock="1" display="0">
		<pane xywh="0C, 1C, 254, 130" align="center" font="宋体" size="12" color="#7fffee, #ffffff" />
		<scrollbar thumb_src="scrollbar_thumb.png" button_src="scrollbar_button.png" />
		<bt_close xywh="260C, 87C, 18, 19" src="close_mini.png" />
	</option>
<!--歌词窗口-->
	<lrc xywh="80C, 86C, 454, 36" src=".swf" lock="0" display="0" group="A">
		<text xywh="0C, 3C, 554, 16" align="center" font="宋体" size="12" color="#7fffee, #ffffff" />
		<bt_close xywh="260C, 34C, 18, 19" src="close_mini.png" />
	</lrc>
	<!--列表窗口-->
	<list xywh="0C, 0C, 554, 145" src=".swf" lock="0" display="1" group="A">
		<list1 xywh="527, 189C, 110, 125" align="left" font="宋体" size="12" color="#968d00, #e4d704" />
		<list2 xywh="26, 189C, 303, 125" align="left" font="宋体" size="12" color="#968d00, #e4d704" />
		<scrollbar thumb_src="scrollbar_thumb.png" button_src="scrollbar_button.png" />
		<bt_close xywh="260C, 87C, 18, 19" src="close_mini.png" />
	</list>
<!--媒体窗口-->
	<media xywh="12C, -12C, 283, 213" src=".swf" lock="0" display="0" group="A">
		<video xywh="0C, 0C, 278, 208" />

		<bt_close xywh="260C, 222C, 18, 19" src="close_mini.png" />
	</media>


	<!--控制台窗口-->
	<console xywh="0C, 0C, 800, 600" src="player.swf" lock="0" display="1" group="A">
		<bt_play xywh="-52C, 110C, 66, 23" src="play.png" />
		<bt_stop xywh="84C, 110C, 66, 23" src="stop.png" />
		<bt_prev xywh="-120C, 110C, 66, 23" src="prev.png" />
		<bt_next xywh="16C, 110C, 66, 23" src="next.png" />
		<bt_mute xywh="-78C, -8C, 12, 11" src="mini_mute.png" />
		<bt_random xywh="-39C, 58C, 16, 16" src="xunhuan.png" />
		<bt_repeat xywh="0C, 0C, 1, 1" src="bt_repeat.png" />
		<volume xywh="153C, 179C, 170, 7" thumb_src="thumb.png" track_src="progress_track.png" />
                <progress xywh="153C, 191C, 170, 7" thumb_src="thumb.png" track_src="progress_track.png" />
		<bt_list xywh="152C, 110C, 66, 23" src="list.png" />
		<bt_video xywh="220C, 110C, 66, 23" src="video.png" />
		<bt_lrc xywh="288C, 110C, 66, 23" src="lrc.png" />
		<bt_option xywh="-51C, 46C, 14, 14" src="set.png" />
		<bt_fullscreen xywh="-58C, 33C, 12, 11" src="quanpin.png"/>
		<title xywh="154C, 140C, 188, 18" align="left" font="宋体" size="14" color="#9cc45e" />
		<status xywh="121C, 212C, 117, 19" align="center" font="Verdana" size="12" color="#9cc45e" borderColor="#dad4b4" backgroundColor="#fff7cd" /> 
                <time xywh="121C, 234C, 117, 19" align="center" font="Verdana" size="12" color="#9cc45e" borderColor="#dad4b4" backgroundColor="#fff7cd" /> 

	</console>


	
	

	

</skin>