﻿<skin version="1.2" name="Winmap Insomnis" url="http://bbs.cenfun.com/" author="CenFun" email="cenfun@gmail.com" mask_color="">
  <option xywh="0C, 30C, 586, 194" src="black.png" mask="" lock="1" display="0" group="A">
    <pane xywh="0, 0, 100P, 100P" align="left" font="Arial" size="12" color="#85979D, #ffffff" />
    <scrollbar thumb_src="scrollbar_thumb.png" button_src="scrollbar_button.png" track_src="scrollbar_track.png"/>
    <event type="open" target="list" property="display" value="0" />
  </option>
  <list xywh="0C, 30C, 586, 194" src="black.png" mask="" lock="1" display="0" group="A">
    <tree xywh="0, 0, 100P, 100P" align="left" font="Arial" size="12" color="#85979D, #ffffff" />
    <scrollbar thumb_src="scrollbar_thumb.png" button_src="scrollbar_button.png" track_src="scrollbar_track.png"/>
    <event type="open" target="option" property="display" value="0" />
  </list>
  <lrc xywh="-70C, -136C, 440, 62" src="" mask="" lock="1" display="1" group="A">
    <text xywh="0, 0, 100P, 100P" align="left" font="Arial" bold="0, 1" size="12" color="#D7E7F2, #ffffff" />
  </lrc>
  <media xywh="0C, 30C, 586, 194" src="black.png" mask="" lock="1" display="1" group="A">
    <video xywh="0, 0, 100P, 100P" />
  </media>
  <console xywh="0C, 0C, 600, 400" src="console.png" mask="" lock="0" display="1" group="A">
    <bt_play xywh="13, 9R, 27, 32" src="bt_play.png" tips="播放,暂停" />
    <bt_stop xywh="40, 9R, 27, 32" src="bt_stop.png" tips="停止" />
    <bt_prev xywh="77, 9R, 27, 32" src="bt_prev.png" tips="上一个" />
    <bt_next xywh="104, 9R, 27, 32" src="bt_next.png" tips="下一个" />
    <bt_random xywh="42R, 9R, 27, 32" src="bt_random.png" tips="随机模式" />
    <bt_repeat xywh="15R, 9R, 27, 32" src="bt_repeat.png" tips="重复模式" />
    <bt_mute xywh="121R, 74, 27, 21" src="bt_mute.png" tips="静音" />
    <volume xywh="12R, 87, 96, 4" thumb_src="volume_thumb.png" track_src="volume_track.png" />
    <progress xywh="0C, 55R, 580, 4" thumb_src="progress_thumb.png" track_src="progress_track.png" />
    <bt_list xywh="13, 106, 51, 24" src="bt_list.png" />
    <bt_option xywh="68, 106, 51, 24" src="bt_option.png" />
    <bt_fullscreen xywh="10R, 3, 17, 19" src="bt_fullscreen.png" tips="全屏"/>
    <title xywh="26, 3, 540, 18" align="left" font="Arial" size="12" color="#D7E7F2" bold="1" />
    <status xywh="140, 20R, 255, 18" align="left" font="Arial" size="12" color="#cccccc" />
    <time xywh="80R, 20R, 120, 18" align="right" font="Arial" size="12" color="#cccccc" />
	<number xywh="12R, 109, 78, 18" src="number.png" alpha="1" rotation="0" tips="播放时间,播放倒计时" />
  </console>
</skin>
