﻿<skin ver="1.1" name="骷髅部落 亦菲仙居" url="http://bbs.cenfun.com/" by="CenFun" email="cenfun@gmail.com" mask_color="">
	<!--设置窗口-->
	<option xywh="0C, 0C, 300, 235" src="media.png" lock="0" display="0" group="A">
		<pane xywh="10, 12, 276, 210" align="left" font="宋体" size="12" color="#00ff00, #ffffff" />
		<scrollbar thumb_src="scrollbar_thumb.png" button_src="scrollbar_button.png" />
		<bt_close xywh="2R, 2, 9, 9" src="bt_close.png" />
	</option>


	<!--控制台窗口-->
	<console xywh="-30C, 110C, 300, 105" src="list.png" lock="0" display="1" group="B">
		<bt_play xywh="-36C, 1C, 66, 66" src="bt_play.png" />
		<bt_stop xywh="220, 1C, 66, 66" src="bt_stop.png" />
		<bt_prev xywh="-104C, 1C, 66, 66" src="bt_prev.png" />
		<bt_next xywh="149, 1C, 66, 66" src="bt_next.png" />
<volume xywh="116, 51R, 62, 4" thumb_src="volume_thumb.png" track_src="volume_track.png" />
<progress xywh="18, 38R, 220, 4" thumb_src="progress_thumb.png" track_src="progress_track.png" />
	        <bt_list xywh="81R, 1, 13, 13" src="bt_list.png" />
		<bt_video xywh="61R, 1, 13, 13" src="bt_video.png" />
		<bt_lrc xywh="41R, 1, 13, 13" src="bt_lrc.png" />
		<bt_option xywh="21R, 1, 13, 13" src="bt_option.png" />
		<bt_fullscreen xywh="1R, 1, 13, 13" src="bt_fullscreen.png"/>
<title xywh="1125, 36, 200, 18" align="left" font="宋体" size="12" color="#ffffff" borderColor="" backgroundColor="" bold="" /> 
  <status xywh="1112, 75R, 200, 18" align="left" font="宋体" size="12" color="#89A4FF" borderColor="" backgroundColor="" bold="" /> 
  <time xywh="1112, 50R, 100, 18" align="right" font="宋体" size="12" color="#89A4FF" borderColor="" backgroundColor="" bold="" /> 
  </console>
	<!--列表窗口-->
	<list xywh="238C, 61C, 230, 203" src="list.png" lock="0" display="1" group="C">
	<list1 xywh="8, 13, 70, 176" align="center" font="宋体" size="12" color="#00ff00, #ffffff" />
	<list2 xywh="78, 13, 138, 176" align="left" font="宋体" size="12" color="#00ff00, #ffffff" />
	<scrollbar thumb_src="scrollbar_thumb.png" button_src="scrollbar_button.png" />
	<bt_close xywh="2R, 190R,9, 9" src="bt_close.png" />
	</list>
	
	<!--歌词窗口-->
	<lrc xywh="238C, -108C, 230, 133" src="list.png" lock="0" display="1" group="D">
	<text xywh="8, 15, 234, 110" align="center" font="宋体" size="12" color="#00ff00, #ffffff" />
	<bt_close xywh="2R, 2, 9, 9" src="bt_close.png" />
	</lrc>

	<!--媒体窗口-->
	<media xywh="-30C, -59C, 300, 230" src="media.png" lock="0" display="1" group="E">
		<video xywh="0C,0C, 275, 205" />
		<bt_close xywh="2R, 2, 9, 9" src="bt_close.png" />
	</media>

</skin>