﻿<skin ver="1.0" name="Mini01" url="http://bbs.cenfun.com/" by="CenFun" email="cenfun@gmail.com" mask_color="">
	<option xywh="0, 0, 1, 1" src="" mask="" lock="1" display="0" group="">
		<pane xywh="0, 0, 1, 1" align="left" font="" size="12" color="#00ff00, #ffffff" />
		<scrollbar thumb_src="" button_src="" track_src=""/>
		<bt_close xywh="0, 0, 1, 1" src="" />
	</option>
	<list xywh="0, 0, 1, 1" src="" mask="" lock="1" display="0" group="">
		<list1 xywh="0, 0, 1, 1" align="center" font="" size="12" color="#00ff00, #ffffff" />
		<list2 xywh="0, 0, 1, 1" align="left" font="" size="12" color="#00ff00, #ffffff" />
		<scrollbar thumb_src="" button_src="" track_src=""/>
		<bt_close xywh="0, 0, 1, 1" src="" />
	</list>
	<lrc xywh="0, 0, 1, 12" src="" mask="" lock="1" display="0" group="">
		<text xywh="0, 0, 1, 1" align="center" font="" size="12" color="#00ff00, #ffffff" />
		<bt_close xywh="0, 0, 1, 1" src="" />
	</lrc>
	<media xywh="0, 0, 1, 1" src="" mask="" lock="1" display="0" group="">
		<video xywh="0, 0, 1, 1" />
		<bt_close xywh="0, 0, 1, 1" src="" />
	</media>
	<console xywh="0, 0C, 100P, 18" src="console.png" mask="" lock="1" display="1" group="">
		<bt_play xywh="3, 0, 16, 16" src="bt_play.png" />
		<bt_stop xywh="0, 0, 1, 1" src="" />
		<bt_prev xywh="0, 0, 1, 1" src="" />
		<bt_next xywh="0, 0, 1, 1" src="" />
		<bt_random xywh="0, 0, 1, 1" src="" />
		<bt_repeat xywh="0, 0, 1, 1" src="" />
		<bt_mute xywh="0, 0, 1, 1" src="" />
		<volume xywh="0, 0, 1, 1" thumb_src="" track_src="" />
		<progress xywh="23, 6, 16B, 4" thumb_src="" track_src="progress_track.png" />
		<bt_list xywh="0, 0, 1, 1" src="" />
		<bt_video xywh="0, 0, 1, 1" src="" />
		<bt_lrc xywh="0, 0, 1, 1" src="" />
		<bt_option xywh="0, 0, 1, 1" src="" />
		<bt_fullscreen xywh="0, 0, 1, 1" src=""/>
		<title xywh="0, 0, 1, 1" align="left" font="" size="12" color="" borderColor="" backgroundColor="" bold="" />
		<status xywh="0, 0, 1, 1" align="left" font="" size="12" color="" borderColor="" backgroundColor="" bold="" />
		<time xywh="0, 0, 1, 1" align="right" font="" size="12" color="" borderColor="" backgroundColor="" bold="" />
	</console>
</skin>