﻿<skin ver="1.0" name="JW Player" url="http://bbs.cenfun.com/" by="CenFun" email="cenfun@gmail.com" mask_color="">
	<option xywh="0, 0, 1, 1" src="" mask="" lock="1" display="0" group="">
		<pane xywh="0, 0, 1, 1" align="left" font="" size="12" color="#00ff00, #ffffff"/>
		<scrollbar thumb_src="" button_src="" track_src=""/>
		<bt_close xywh="0, 0, 1, 1" src=""/>
	</option>
	<list xywh="0, 0, 1, 1" src="" mask="" lock="1" display="0" group="">
		<list1 xywh="0, 0, 1, 1" align="center" font="" size="12" color="#00ff00, #ffffff"/>
		<list2 xywh="0, 0, 1, 1" align="left" font="" size="12" color="#00ff00, #ffffff"/>
		<scrollbar thumb_src="" button_src="" track_src=""/>
		<bt_close xywh="0, 0, 1, 1" src=""/>
	</list>
	<lrc xywh="0, 0, 1, 12" src="" mask="" lock="1" display="0" group="">
		<text xywh="0, 0, 1, 1" align="center" font="" size="12" color="#00ff00, #ffffff"/>
		<bt_close xywh="0, 0, 1, 1" src=""/>
	</lrc>
	<media xywh="0, 20R, 100P, 100P" src="media.swf" mask="" lock="1" display="1" group="">
		<video xywh="0, 0, 100P, 100P"/>
		<bt_close xywh="0, 0, 1, 1" src=""/>
	</media>
	<console xywh="0, 0R, 100P, 20" src="console.swf" mask="" lock="1" display="1" group="">
		<bt_play xywh="0, 0, 16, 18" src="bt_play.png"/>
		<bt_stop xywh="15, 0, 18, 18" src="bt_stop.png"/>
		<bt_prev xywh="0, 0, 1, 1" src=""/>
		<bt_next xywh="0, 0, 1, 1" src=""/>
		<bt_random xywh="0, 0, 1, 1" src=""/>
		<bt_repeat xywh="0, 0, 1, 1" src=""/>
		<bt_mute xywh="55R, 0, 16, 18" src="bt_mute.png"/>
		<volume xywh="25R, 5, 27, 9" thumb_src="" track_src="volume_track.png"/>
		<progress xywh="18C, 7, 96B, 5" thumb_src="progress_thumb.png" track_src="progress_track.png"/>
		<bt_list xywh="0, 0, 1, 1" src=""/>
		<bt_video xywh="0, 0, 1, 1" src=""/>
		<bt_lrc xywh="0, 0, 1, 1" src=""/>
		<bt_option xywh="0, 0, 1, 1" src=""/>
		<bt_fullscreen xywh="0R, 0, 19, 18" src="bt_fullscreen.png"/>
		<title xywh="0R, 0, 1, 1" align="left" font="Verdana" size="12" color="#000000" borderColor="" backgroundColor="" bold=""/>
		<status xywh="0R, 0, 1, 1" align="center" font="Verdana" size="12" color="#000000" borderColor="" backgroundColor="" bold=""/>
		<time xywh="38, 1, 80, 15" align="left" font="Verdana" size="9" color="#000000" borderColor="" backgroundColor="" bold="1"/>
	</console>
</skin>
