﻿<skin name="SC Player" version="1.0" author="CenFun" email="cenfun@gmail.com" url="http://bbs.cenfun.com/" readme="SC Flash Mp3 Player" show_tips="0">
	<console xywh="0C, 0C, 290, 24" src="scplayer.swf" lock="1" display="1" group="A">
	</console>
	<lrc xywh="0C, -231C, 280, 18" lock="1" display="0" group="A">
		<text xywh="0, 0, 100P, 100P" align="center" font="宋体" size="12" color="#7F8FA5, #ffffff" horizontal="1" max_scale="3" />
	</lrc>
	<media xywh="0C, -117C, 280, 210" src="bg.swf" lock="1" display="0" group="A">
		<video xywh="1, 1, 1B, 1B" />
	</media>
	<list xywh="0C, 117C, 280, 210" src="bg.swf" lock="1" display="0" group="A">
		<tree xywh="1, 1, 1B, 1B" align="left" font="Arial" size="12" color="#666666, #ffffff" />
		<scrollbar thumb_src="scrollbar_thumb.png" button_src="scrollbar_button.png" />
	</list>

</skin>