﻿<skin ver="1.2" name="batman" url="http://22766966.QZONE.QQ.COM/" by="Leejinxi" email="ljx9812@gmail.com" mask_color="">
	<option xywh="0C, 0C, 369,239" src="win.swf" mask="" lock="" display="0" group="">
		<!--设置面板-->
		<pane xywh="26,27, 91P, 86P" align="left" font="宋体" size="12" color="#cb9c13, #ffffff"/>
		<!--面板滚动条-->
		<scrollbar thumb_src="scrollbar_thumb.png" button_src="scrollbar_button.png" track_src="scrollbar_track.png"/>
		<!--关闭按钮-->
		<bt_close xywh="302, 0, 22, 21" src="close.png"/>
	</option>
	<list xywh="0C, -100C, 468,239" src="list.swf" mask="" lock="" display="0" group="">
		<!--音乐分类列表-->
		<list1 xywh="294,27, 85P, 87P" align="left" font="宋体" size="12" color="#cb9c13, #ffffff"/>
		<!--音乐列表-->
		<list2 xywh="28,27, 60P, 87P" align="left" font="宋体" size="12" color="#cb9c13, #ffffff"/>
		<!--列表滚动条-->
		<scrollbar thumb_src="scrollbar_thumb.png" button_src="scrollbar_button.png" track_src="scrollbar_track.png"/>
		<!--关闭按钮-->
		<bt_close xywh="403, 0, 22, 21" src="close.png"/>
	</list>
	<!--歌词窗口-->
	<lrc xywh="0C, 0C,369, 239" src="win.swf" mask="" lock="" display="0" group="">
		<!--歌词内容面板-->
		<text xywh="26, 27, 91P, 86P" align="center" font="宋体" size="12" color="#cb9c13, #ffffff"/>
		<!--关闭按钮-->
		<bt_close xywh="302, 0, 22, 21" src="close.png"/>
	</lrc>
	<media xywh="0C, 0C, 405, 318" src="video.swf" mask="" lock="" display="0" group="">
		<!--视频区(包括混音器)-->
		<video xywh="26,27, 351, 266"/>
		<!--关闭按钮-->
		<bt_close xywh="340, 0,22, 21" src="close.png"/>
	</media>
	<console xywh="0C, 0C,317,238" src="console.swf" mask="" lock="0" display="1" group="A">
		<!--播放及暂停按钮-->
		<bt_play xywh="38C, 94C, 76, 45" src="bt_play.png"/>
		<!--停止按钮-->
		<bt_stop xywh="-38C, 94C, 77,45" src="bt_stop.png"/>
		<!--上一首按钮-->
		<bt_prev xywh="-124C, 18C,35, 61" src="bt_prev.png"/>
		<!--下一首按钮-->
		<bt_next xywh="124C, 18C, 35, 61" src="bt_next.png"/>
		<!--随机播放开启按钮-->
		<bt_random xywh="-40C, 29C, 16,18" src="bt_random.png"/>
		<!--重复播放开启按钮-->
		<bt_repeat xywh="245, 245,20,40" src="bt_repeat.png"/>
		<!--静音切换按钮-->
		<bt_mute xywh="-44C, -5C,20, 20" src="bt_mute.png"/>
		<!--音量调节条-->
		<volume xywh="12C, -5C, 90, 6" thumb_src="" track_src="bt_volume.png"/>
		<!--播放进度条-->
		<progress xywh="12C, -25C, 90, 6" thumb_src="" track_src="bt_volume.png"/>
		<!--列表窗口打开和关闭按钮-->
		<bt_list xywh="0C, 37C, 22, 21" src="bt_list.png"/>
		<!--视频窗口打开和关闭按钮-->
		<bt_video xywh="20C, 33C, 16, 18" src="bt_video.png"/>
		<!--歌词窗口打开和关闭按钮-->
		<bt_lrc xywh="-20C, 33C, 16, 18" src="bt_lrc.png"/>
		<!--设置窗口打开和关闭按钮-->
		<bt_option xywh="40C, 29C, 16,18" src="bt_option.png"/>
		<!--全屏切换按钮-->
		<bt_fullscreen xywh="295, 215, 20, 40" src="bt_fullscreen.png"/>
		<!--标题信息栏-->
		<title xywh="0C,14C, 110, 18" align="center" font="宋体" size="12" color="#CB9C13" borderColor="" backgroundColor="" bold=""/>
		<!--播放状态信息栏-->
		<status xywh="0C,-60C, 110, 18" align="center" font="宋体" size="12" color="#CB9C13" borderColor="" backgroundColor="" bold=""/>
		<!--播放时间栏(当前时间及总时间)-->
		<time xywh="0C,-40C, 85, 18" align="center" font="宋体" size="12" color="#CB9C13" borderColor="" backgroundColor="" bold=""/>
	</console>
</skin>