﻿<skin version="1.2" name="GOM Player全屏版" url="http://bbs.cenfun.com/" author="CenFun" email="cenfun@gmail.com">
	<option xywh="0C, -25C, 13B, 50B" src="" mask="" lock="1" display="0" group="A">
		<pane xywh="0, 0, 100P, 100P" align="left" font="Verdana" size="12" color="#FFC86C, #FFFFFF" />
		<scrollbar thumb_src="scrollbar_thumb.png" button_src="scrollbar_button.png" track_src="scrollbar_track.png"/>
		<event type="open" target="list" property="display" value="0" />
	</option>
	<list xywh="0C, -25C, 13B, 50B" src="" mask="" lock="1" display="0" group="A">
		<tree xywh="0, 0, 100P, 100P" align="left" font="Verdana" size="12" color="#FFC86C, #FFFFFF" />
		<scrollbar thumb_src="scrollbar_thumb.png" button_src="scrollbar_button.png" track_src="scrollbar_track.png"/>
		<event type="open" target="option" property="display" value="0" />
	</list>
	<lrc xywh="0C, 27R, 100B, 17" src="" mask="" lock="1" display="1" group="A">
		<text xywh="0, 0, 100P, 100P" align="center" font="Verdana" size="12" color="#FFB945" horizontal="1" max_scale="2" />
	</lrc>
	<media xywh="0C, -25C, 13B, 50B" src="" mask="" lock="1" display="1" group="A">
		<video xywh="0, 0, 100P, 100P" />
	</media>
	<console xywh="0C, 0C, 100P, 100P" src="console.png" mask="" lock="1" display="1" group="A">
		<bt_play xywh="10, 3R, 46, 46" src="bt_play.png" />
		<bt_stop xywh="56, 21R, 26, 26" src="bt_stop.png" />
		<bt_mute xywh="100R, 58R, 14, 11" src="bt_mute.png" />
		<volume xywh="13R, 61R, 80, 5" thumb_src="slider_thumb.png" track_src="slider_track.png" />
		<progress xywh="-8C, 61R, 115B, 5" thumb_src="slider_thumb.png" track_src="slider_track.png" />
		<bt_list xywh="50R, 21R, 26, 26" src="bt_list.png" />
		<bt_option xywh="16R, 21R, 26, 26" src="bt_option.png" />
		<bt_fullscreen xywh="13R, 4, 17, 18" src="bt_fullscreen.png"/>
		<title xywh="15C, 5, 60B, 17" align="center" font="Verdana" size="12" color="#CCCCCC" />
		<status xywh="0C, 5R, 100B, 18" align="center" font="Verdana" size="12" color="#000000" />
		<time xywh="13, 56R, 90, 16" align="center" font="Verdana" size="10" color="#FFB945" />
	</console>
</skin>