﻿<skin ver="2.1" name="蓝调 2.0音乐版" url="http://253423187.qzone.qq.com" by="路过恋人" email="huoqingchun88@163.com">
	



	<option xywh="0C, 0C, 287, 124" src="playlist.swf" lock="0" display="0">
		<pane xywh="8, 30, 269, 80" align="left" font="宋体" size="12" color="#5479c7, #759ff7" />
		<scrollbar thumb_src="scrollbar_thumb.png" button_src="scrollbar_button.png" />
		<bt_close xywh="8R, 5, 20, 20" src="close.png" />
	</option>

	<media xywh="52C, -76C, 60, 50" lock="0" display="1" group="A" >
		<video xywh="0C, 0C, 60, 50" />
		<bt_close xywh="8R, 5, 20, 20" />
	</media>

	<lrc xywh="16C, -40C, 136, 16" src="lrc.gif" lock="0" display="1" group="A" >
		<text xywh="0C, 2C, 140, 20" align="left" font="宋体" size="12" color="#5479c7, #759ff7" />
		<bt_close xywh="8R, 5, 20, 20" />
	</lrc>

	<console xywh="0C, 0C, 187, 272" src="player.swf" lock="0" display="1" group="A" >
		<bt_play xywh="-1C, 50C, 47, 47" src="play.png" />
		<bt_stop xywh="-1C, 85C, 8, 8" src="stop.png" />
		<bt_prev xywh="-31C, 29C, 9, 9" src="prev.png" />
		<bt_next xywh="28C, 29C, 9, 9" src="next.png" />
		<bt_mute xywh="-69C, -10C, 24, 25" src="mute.png" />
		<bt_random xywh="0C, 0C, 1, 1" src="bt_random.png" />
		<bt_repeat xywh="0C, 0C, 1, 1" src="bt_repeat.png" />
		<volume xywh="-11C, -10C, 95, 9" thumb_src="progress_thumb.png" track_src="volume_fill.png" />
		<progress xywh="0C, 114C, 139, 5" thumb_src="progress_thumb.png" track_src="progress_fill.png" />
		<bt_list xywh="-62C,50C, 14, 9" src="playlist.png" />
		<bt_video xywh="63C, -10C, 26, 25" src="open.png" />
		<bt_lrc xywh="-69C, -41C, 20, 5" src="lyric.png" />
		<bt_option xywh="60C, -122C, 19, 14" src="setup.png" />
		<bt_fullscreen xywh="59C, 51C, 15, 11" src="equalizer.png"/>
		<title xywh="17C, -38C, 138, 20" align="left" font="宋体" size="12" color="#6586d2" />
		<status xywh="-30C, 68, 100, 18" align="left" font="黑体" size="12" color="#4362aa" />
		<time xywh="-33C, 30, 93, 65" align="right" font="Arial Black" size="30" color="#6785cc" />

	</console>


	<list xywh="0C, 0C, 300, 272" src="playlist.swf" lock="0" display="0">
		<list1 xywh="8, 30, 90, 224" align="center" font="宋体" size="12" color="#5479c7, #759ff7" />
		<list2 xywh="99, 29, 192, 229" align="left" font="宋体" size="12" color="#5479c7, #759ff7" />
		<scrollbar thumb_src="scrollbar_thumb.png" button_src="scrollbar_button.png" />
		<bt_close xywh="8R, 5, 20, 20" src="close.png" />
	</list>
	
	

	

</skin>