﻿<skin ver="1.0" name="MJJ" url="http://lomom.cn/" by="颓废" email="121617355@qq.com" mask_color="">

        <!--设置窗口-->
        <option xywh="0C, 0C, 336, 273" src="lrc.swf" lock="0" display="0" group="A">
                <!--设置面板-->
                <pane xywh="8, 25, 250, 240" align="left" font="宋体" size="12" color="#00ff00, #ffffff" />
                <!--面板滚动条-->
                <scrollbar thumb_src="scrollbar_thumb.png" button_src="scrollbar_button.png" />
                <!--关闭按钮-->
                <bt_close xywh="64R, 3, 44, 20" src="" />
        </option>


       <!--控制台窗口-->
        <console xywh="-126C, -138C, 300, 171" src="console.swf" lock="0" display="1" group="B">
                <!--播放暂停切换按钮-->
                <bt_play xywh="44, 144, 20, 13" src="" />
                <!--停止按钮-->
                <bt_stop xywh="64, 144, 20, 13" src="" />
                <!--上一首按钮-->
                <bt_prev xywh="24, 144, 20, 13" src="" />
                <!--下一首按钮-->
                <bt_next xywh="84, 144, 20, 13" src="" />
                <!--静音切换按钮-->
                <bt_mute xywh="224, 144, 20, 13" src="" />
                <!--随机播放开启按钮-->
                <bt_random xywh="104, 144, 20, 13" src="" />
                <!--重复播放开启按钮-->
                <bt_repeat xywh="124, 144, 20, 13" src="" />
                <!--音量调节进度条-->
                <volume xywh="255, 147 , 42, 13" thumb_src="" track_src="v.png" />
                <!--播放进度控制条-->
                <progress xywh="5, 135.3 , 281, 5" thumb_src="" track_src="p.png" />
                <!--列表窗口打开和关闭按钮-->
                <bt_list xywh="144, 144, 20, 13" src="" />
                <!--视频窗口打开和关闭按钮-->
                <bt_video xywh="164, 144, 20, 13" src="" />
                <!--歌词窗口打开和关闭按钮-->
                <bt_lrc xywh="184, 144, 20, 13" src="" />
                <!--设置窗口打开和关闭按钮-->
                <bt_option xywh="4, 144, 20, 13" src="" />
                <!--全屏切换按钮-->
                <bt_fullscreen xywh="204, 144, 20, 13" src=""/>
                <!--标题信息栏-->
                <title xywh="50, 3, 150, 20" align="center" font="Arial" size="16" color="#ffffff" borderColor="" backgroundColor="" bold="" />
                <!--播放状态信息栏-->
                <status xywh="4, 24, 250, 20" align="left" font="Arial" size="16" color="#89A4FF" borderColor="" backgroundColor="" bold="" />
                <!--播放时间栏-->
                <time xywh="5R, -4, 80, 50" align="right" font="Arial" size="30" color="#89A4FF" borderColor="" backgroundColor="" bold="" />
        </console>

        <!--列表窗口-->
        <list xywh="174C, 75C, 300, 250" src="lrc.swf" lock="0" display="1" group="C">
                <!--音乐分类列表-->
                <list1 xywh="8, 25, 80, 225" align="right" font="宋体" size="12" color="#00ff00, #ffffff" />
                <!--音乐列表-->
                <list2 xywh="78, 25, 154, 225" align="left" font="宋体" size="12" color="#00ff00, #ffffff" />
                <!--列表滚动条-->
                <scrollbar thumb_src="scrollbar_thumb.png" button_src="scrollbar_button.png" />
                <!--关闭按钮-->
                <bt_close xywh="64R, 3, 44, 20" src="" />
        </list>
        
        <!--歌词窗口-->
        <lrc xywh="174C, -134C, 300, 171" src="lrc.swf" lock="0" display="1" group="D">
                <!--歌词内容面板-->
                <text xywh="8, 25, 234, 80" align="center" font="宋体" size="12" color="#00ff00, #ffffff" />
                <!--关闭按钮-->
                <bt_close xywh="64R, 3, 44, 20" src="" />
        </lrc>

        <!--媒体窗口-->
        <media xywh="-91C, 75C, 376, 250" src="lrc.swf" lock="0" display="1" group="E">
                <!--视频区-->
                <video xywh="5, 15, 289, 220" />
                <!--关闭按钮-->
                <bt_close xywh="64R, 3, 44, 20" src="" />
        </media>

</skin>