﻿<skin ver="NO.20" name="blog music" url="http://lomom.cn" by="颓废" email="121617355@qq.com" mask_color="">
	
	<!--设置窗口-->
	<option xywh="0C, 67C, 176, 111" src="option.png" mask="" lock="1" display="0" group="A">
		<!--设置面板-->
		<pane xywh="2, 2, 176, 111" align="left" font="宋体" size="12" color="#666666, #74BB1E"/>
		<!--面板滚动条-->
		<scrollbar thumb_src="scrollbar_thumb.PNG" button_src="scrollbar_button.PNG" track_src="scrollbar_track.PNG"/>
		<!--关闭按钮-->
		<bt_close xywh="0, 0, 1, 1" src=""/>
	</option>
	<!--列表窗口-->
	<list xywh="0C, 67C, 176, 111" src="" mask="" lock="1" display="0" group="A">
		<!--音乐分类列表-->
		<list1 xywh="-4, 0, 64, 100P" align="left" font="宋体" size="12" color="#666666, #74BB1E"/>
		<!--音乐列表-->
		<list2 xywh="0R, 0, 116, 99P" align="left" font="宋体" size="12" color="#666666, #74BB1E"/>
		<!--列表滚动条-->
		<scrollbar thumb_src="scrollbar_thumb.PNG" button_src="scrollbar_button.PNG" track_src="scrollbar_track.PNG"/>
		<!--关闭按钮-->
		<bt_close xywh="0, 0, 1, 1" src=""/>
	</list>
	<!--歌词窗口-->
	<lrc xywh="0C, 67C, 176, 111" src="" mask="" lock="1" display="0" group="A">
		<!--歌词内容面板-->
		<text xywh="0, 0, 100P, 100P" align="center" font="宋体" size="12" color="#666666, #74BB1E"/>
		<!--关闭按钮-->
		<bt_close xywh="0, 0, 1, 1" src=""/>
	</lrc>
	<!--媒体窗口-->
	<media xywh="0C, 67C, 176, 111" src="" mask="" lock="0" display="1" group="A">
		<!--视频区(包括混音器)-->
		<video xywh="3, 3, 95P, 95P"/>
		<!--关闭按钮-->
		<bt_close xywh="0, 0, 1, 1" src=""/>
	</media>
	<!--控制台窗口-->
	<console xywh="0C, 0C, 176, 244" src="console.swf" mask="" lock="0" display="1" group="A">
		<!--播放及暂停按钮-->
		<bt_play xywh="1, 82, 28, 20" src="play.png"/>
		<!--停止按钮-->
		<bt_stop xywh="29, 82, 28, 20" src="stop.png"/>
		<!--上一首按钮-->
		<bt_prev xywh="58, 82, 28, 20" src="pr.png"/>
		<!--下一首按钮-->
		<bt_next xywh="85, 82, 28, 20" src="nx.png"/>
		<!--随机播放开启按钮-->
		<bt_random xywh="0, 0, 1, 1" src=""/>
		<!--重复播放开启按钮-->
		<bt_repeat xywh="0, 0, 1, 1" src=""/>
		<!--静音切换按钮-->
		<bt_mute xywh="114, 81, 20, 20" src="mu.png"/>
		<!--音量调节条-->
		<volume xywh="138, 85, 34, 14" thumb_src="" track_src="vo.png"/>
		<!--播放进度条-->
		<progress xywh="6, 104, 164, 5" thumb_src="" track_src="line.png"/>
		<!--列表窗口打开和关闭按钮-->
		<bt_list xywh="8, 111, 40, 22" src="list.png"/>
		<!--视频窗口打开和关闭按钮-->
		<bt_video xywh="48, 111, 40, 22" src="media.png"/>
		<!--歌词窗口打开和关闭按钮-->
		<bt_lrc xywh="88, 111, 40, 22" src="lrc.png"/>
		<!--设置窗口打开和关闭按钮-->
		<bt_option xywh="0, 0, 1, 1" src=""/>
		<!--全屏切换按钮-->
		<bt_fullscreen xywh="0, 0, 1, 1" src=""/>
		<!--标题信息栏-->
		<title xywh="16, 8, 160, 18" align="center" font="宋体" size="12" color="#777777" borderColor="" backgroundColor="" bold="1"/>
		<!--播放状态信息栏-->
		<status xywh="0, 0, 1, 1" align="center" font="宋体" size="1" color="#A1B3C3" borderColor="" backgroundColor="" bold=""/>
		<!--播放时间栏(当前时间及总时间)-->
		<time xywh="4, 28, 79, 32" align="center" font="黑体" size="28" color="#03f9f0" borderColor="" backgroundColor="" bold="1"/>
	</console>
</skin>
