﻿<skin version="1.2" name="WMP Alone" url="http://bbs.cenfun.com/" author="CenFun" email="cenfun@gmail.com" mask_color="">
  <option xywh="0C, -4C, 584, 270" src="black.png" mask="" lock="1" display="0" group="A">
    <pane xywh="0, 0, 100P, 100P" align="left" font="宋体" size="12" color="#00ff00, #ffffff" />
    <scrollbar thumb_src="scrollbar_thumb.png" button_src="scrollbar_button.png" track_src="scrollbar_track.png"/>
    <event type="open" target="list" property="display" value="0" />
    <event type="open" target="lrc" property="display" value="0" />
    <event type="open" target="media" property="display" value="0" />
  </option>
  <list xywh="0C, -4C, 584, 270" src="black.png" mask="" lock="1" display="0" group="A">
    <tree xywh="0, 0, 100P, 100P" align="left" font="宋体" size="12" color="#00ff00, #ffffff" />
    <scrollbar thumb_src="scrollbar_thumb.png" button_src="scrollbar_button.png" track_src="scrollbar_track.png"/>
	<event type="open" target="option" property="display" value="0" />
    <event type="open" target="lrc" property="display" value="0" />
    <event type="open" target="media" property="display" value="0" />
  </list>
  <lrc xywh="0C, -4C, 584, 270" src="black.png" mask="" lock="1" display="0" group="A">
    <text xywh="0, 0, 100P, 100P" align="center" font="宋体" size="12" color="#00ff00, #ffffff" />
	<event type="open" target="list" property="display" value="0" />
    <event type="open" target="option" property="display" value="0" />
    <event type="open" target="media" property="display" value="0" />
  </lrc>
  <media xywh="0C, -4C, 584, 270" src="black.png" mask="" lock="1" display="1" group="A">
    <video xywh="0, 0, 100P, 100P" />
	<event type="open" target="list" property="display" value="0" />
    <event type="open" target="lrc" property="display" value="0" />
    <event type="open" target="option" property="display" value="0" />
  </media>
  <console xywh="0C, 0C, 600, 400" src="console.png" mask="" lock="0" display="1" group="A">
    <bt_play xywh="0C, 9R, 50, 50" src="bt_play.png" />
    <bt_stop xywh="-86C, 21R, 25, 25" src="bt_stop.png" />
    <bt_prev xywh="-46C, 21R, 52, 25" src="bt_prev.png" />
    <bt_next xywh="46C, 21R, 52, 25" src="bt_next.png" />
    <bt_random xywh="-140C, 21R, 25, 25" src="bt_random.png" />
    <bt_repeat xywh="-113C, 21R, 25, 25" src="bt_repeat.png" />
    <bt_mute xywh="86C, 21R, 25, 25" src="bt_mute.png" />
    <volume xywh="128C, 32R, 50, 6" thumb_src="volume_thumb.png" track_src="volume_track.png" />
    <progress xywh="0C, 59R, 14B, 7" thumb_src="progress_thumb.png" track_src="progress_track.png" />
    <bt_list xywh="200, 28, 100, 33" src="bt_list.png" />
    <bt_video xywh="90, 28, 100, 33" src="bt_video.png" />
    <bt_lrc xywh="310, 28, 100, 33" src="bt_lrc.png" />
    <bt_option xywh="420, 28, 100, 33" src="bt_option.png" />
    <bt_fullscreen xywh="6R, 0, 45, 19" src="bt_fullscreen.png"/>
    <title xywh="25, 5, 300, 18" align="left" font="宋体" size="12" color="#ffffff" borderColor="" backgroundColor="" bold="" />
    <status xywh="10, 18R, 100, 18" align="left" font="宋体" size="12" color="#89A4FF" borderColor="" backgroundColor="" bold="" />
    <time xywh="10R, 18R, 100, 18" align="right" font="宋体" size="12" color="#89A4FF" borderColor="" backgroundColor="" bold="" />
  </console>
</skin>
