﻿<skin ver="1.1" name="●骷髅◇部落·简约闪闪" url="http://bbs.cenfun.com/" by="CenFun" email="cenfun@gmail.com" mask_color="">
	<!--设置窗口-->
	<option xywh="0C, 0C, 350, 374" src="aa.png" lock="0" display="0" group="A">
		<pane xywh="65, 148, 276, 210" align="left" font="宋体" size="12" color="#00ff00, #ffffff" />
		<scrollbar thumb_src="scrollbar_thumb.png" button_src="scrollbar_button.png" />
		<bt_close xywh="2R, 120, 16,16" src="bt_option.png" />
	</option>


	<!--控制台窗口-->
	<console xywh="0C, 0C, 520,420" src="1.swf" lock="1" display="1" group="B">
		<bt_play xywh="130, 80C, 40, 30" src="0.png" />
		<bt_stop xywh="220, 80C, 40, 30" src="0.png" />
		<bt_prev xywh="85, 80C, 40, 30" src="0.png" />
		<bt_next xywh="175, 80C, 40, 30" src="0.png" />
<volume xywh="150C, 50R, 80, 3" thumb_src="volume_thumb.PNG" track_src="volume_track.png" />
<progress xywh="147C, 70R, 192, 3" thumb_src="progress_thumb.PNG" track_src="progress_track.png" />
	        <bt_list xywh="81R, 0, 0, 0" src="bt_list.png" />
		<bt_video xywh="61R, 0, 0, 0" src="bt_video.png" />
		<bt_lrc xywh="41R, 3, 0, 0" src="bt_lrc.png" />
		<bt_option xywh="21R, 25, 13, 13" src="bt_option.png" />
                <bt_fullscreen xywh="265, 80C, 40, 30" src="0.png"/>
<title xywh="190C, 20, 200, 18" align="left" font="宋体" size="12" color="#ffff00" borderColor="" backgroundColor="" bold="" /> 
  <status xywh="-80C, 20, 250, 20" align="left" font="宋体" size="12" color="#00A400" borderColor="" backgroundColor="" bold="" /> 
  <time xywh="180C, 15R, 100, 18" align="right" font="宋体" size="12" color="#00A4FF" borderColor="" backgroundColor="" bold="" /> 
  </console>
	<!--列表窗口-->
	<list xywh="30C, -108C, 0, 0" src="0.png" lock="1" display="1" group="C">
	<list1 xywh="10, 22, 70, 200" align="center" font="宋体" size="12" color="#00ff00, #ffffff" />
	<list2 xywh="70, 22, 146, 200" align="left" font="宋体" size="12" color="#00ff00, #ffffff" />
        <scrollbar thumb_src="scrollbar_thumb.png" button_src="scrollbar_button.png" />
	<bt_close xywh="2R, 1,0, 0" src="0.png" />
	</list>
	
	<!--歌词窗口-->
	<lrc xywh="40C, -180C, 0, 0" src="0.png" lock="1" display="1" group="D">
	<text xywh="8, 15, 200, 70" align="center" font="宋体" size="12" color="#00ff00, #00ffff" />
	<bt_close xywh="2R, 2, 0, 0" src="0" />
	</lrc>

	<!--媒体窗口-->
	<media xywh="0C, 0C, 520, 460" src="0.png" lock="1" display="1" group="E">
		<video xywh="-86C,-80C, 240, 180" />
		<bt_close xywh="0, 2, 0, 0" src="0.png" />
	</media>

</skin>