﻿<skin version="1.3" name="CMP2经典" url="http://bbs.cenfun.com/" author="CenFun" email="cenfun@gmail.com" mask_color="">
  <option xywh="0C, -74C, 438, 120" src="" mask="" lock="0" display="0" group="A">
    <pane xywh="4, 4, 430, 112" align="left" font="宋体" size="12" color="#00ff00, #ffffff" />
    <scrollbar thumb_src="scrollbar_thumb.png" button_src="scrollbar_button.png" track_src=""/>
  </option>
  <list xywh="-56C, 75C, 325, 135" src="" lock="1" mask="" display="1" group="A">
    <tree xywh="0, 0, 100P, 100P" align="left" font="宋体" size="12" color="#00ff00, #ffffff" />
    <scrollbar thumb_src="scrollbar_thumb.png" button_src="scrollbar_button.png" track_src=""/>
  </list>
  <media xywh="0C, -74C, 420, 118" src="" mask="" lock="1" display="1" group="A">
    <video xywh="0, 0, 420, 118" />
  </media>
  <lrc xywh="171C, 75C, 93, 135" src="" lock="1" mask="" display="1" group="A">
    <text xywh="0, 0, 100P, 100P" align="center" font="宋体" size="12" color="#00ff00, #ffffff" />
  </lrc>
  <console xywh="0C, 0C, 450, 320" src="console.png" mask="" lock="1" display="1" group="A">
    <bt_play xywh="6, 147, 19, 19" src="bt_play.png" />
    <bt_stop xywh="25, 147, 19, 19" src="bt_stop.png" />
    <bt_random xywh="45, 147, 19, 19" src="bt_random.png" />
    <bt_repeat xywh="65, 147, 19, 19" src="bt_repeat.png" />
    <bt_mute xywh="345, 147, 19, 19" src="bt_mute.png" />
    <volume xywh="8R, 155, 76, 3" thumb_src="volume_thumb.png" track_src="volume_track.png" />
    <progress xywh="0C, 7R, 438, 3" thumb_src="progress_thumb.png" track_src="progress_track.png" />
    <title xywh="0C, 5, 380, 18" align="center" font="宋体" size="12" color="#ffffff" />
    <status xywh="185, 148, 150, 18" align="left" font="宋体" size="12" color="#ffffff" />
    <time xywh="85, 148, 100, 18" align="center" font="宋体" size="12" color="#ffffff" />
  </console>
</skin>
