﻿<skin version="1.2" name="魔兽世界" url="http://bbs.cenfun.com/" author="CenFun" email="cenfun@gmail.com" mask_color="">
	<option xywh="181C, 8C, 222, 386" src="win.png" mask="" lock="0" display="0" fade="0" group="A">
		<pane xywh="9, 26, 205, 351" align="left" font="宋体" size="12" color="#315111, #900301" />
		<scrollbar thumb_src="scrollbar_thumb.png" button_src="scrollbar_button.png" track_src=""/>
		<bt_close xywh="5R, 0, 23, 21" src="bt_close.png" />
		<event type="open" target="list" property="display" value="0" />
		<event type="open" target="lrc" property="display" value="0" />
	</option>
	<list xywh="181C, 8C, 222, 386" src="win.png" mask="" lock="0" display="0" fade="0" group="A">
		<tree xywh="9, 26, 205, 351" align="left" font="宋体" size="12" color="#315111, #900301" />
		<scrollbar thumb_src="scrollbar_thumb.png" button_src="scrollbar_button.png" track_src=""/>
		<bt_close xywh="5R, 0, 23, 21" src="bt_close.png" />
		<event type="open" target="lrc" property="display" value="0" />
		<event type="open" target="option" property="display" value="0" />
	</list>
	<lrc xywh="181C, 8C, 222, 386" src="win.png" mask="" lock="0" display="0" fade="0" group="A">
		<text xywh="9, 26, 205, 351" align="center" font="宋体" size="12" color="#315111, #900301" />
		<bt_close xywh="5R, 0, 23, 21" src="bt_close.png" />
		<event type="open" target="list" property="display" value="0" />
		<event type="open" target="option" property="display" value="0" />
	</lrc>
	<media xywh="-126C, -16C, 264, 198" src="" mask="" lock="0" display="1" group="A">
		<video xywh="0, 0, 264, 198" />
		<bt_close xywh="0, 0, 1, 1" src="" />
	</media>
	<console xywh="0C, 0C, 600, 400" src="console.swf" mask="" lock="0" display="1" group="A">
		<bt_play xywh="44, 306, 50, 32" src="bt_play.png" />
		<bt_stop xywh="94, 306, 42, 32" src="bt_stop.png" />
		<bt_prev xywh="136, 306, 42, 32" src="bt_prev.png" />
		<bt_next xywh="178, 306, 42, 32" src="bt_next.png" />
		<bt_random xywh="220, 306, 42, 32" src="bt_random.png" />
		<bt_repeat xywh="262, 306, 42, 32" src="bt_repeat.png" />
		<bt_mute xywh="224, 339, 15, 17" src="bt_mute.png" />
		<volume xywh="240, 344, 60, 7" thumb_src="volume_thumb.png" track_src="volume_track.png" />
		<progress xywh="46, 344, 170, 7" thumb_src="progress_thumb.png" track_src="progress_track.png" />
		<bt_list xywh="340, 22, 30, 64" src="bt_list.png" />
		<bt_video xywh="0, 0, 1, 1" src="" />
		<bt_lrc xywh="340, 86, 30, 64" src="bt_lrc.png" />
		<bt_option xywh="340, 150, 30, 68" src="bt_option.png" />
		<bt_fullscreen xywh="0, 0, 1, 1" src=""/>
		<title xywh="42, 51, 264, 18" align="center" font="宋体" size="12" color="#660000" borderColor="" backgroundColor="" bold="" />
		<status xywh="47, 288, 160, 18" align="left" font="宋体" size="12" color="#C58200" borderColor="" backgroundColor="" bold="" />
		<time xywh="200, 287, 100, 18" align="right" font="宋体" size="12" color="#C58200" borderColor="" backgroundColor="" bold="" />
	</console>
</skin>