﻿<skin ver="1.2" name="古木" url="http://22766966.QZONE.QQ.COM/" by="Leejinxi" email="ljx9812@gmail.com" mask_color="">
	<option xywh="0C, 0C, 364,245" src="win.swf" mask="" lock="" display="0" group="">
		<!--设置面板-->
		<pane xywh="34,26, 88P, 87P" align="left" font="宋体" size="12" color="#b8f109, #ffffff"/>
		<!--面板滚动条-->
		<scrollbar thumb_src="scrollbar_thumb.png" button_src="scrollbar_button.png" track_src="scrollbar_track.png"/>
		<!--关闭按钮-->
		<bt_close xywh="319, 3, 24, 17" src="close.png"/>
	</option>
	<list xywh="0C, -100C, 364,245" src="win.swf" mask="" lock="" display="0" group="">
		<!--音乐分类列表-->
		<list1 xywh="34,26, 30P, 87P" align="left" font="宋体" size="12" color="#b8f109, #ffffff"/>
		<!--音乐列表-->
		<list2 xywh="135,27, 83P, 87P" align="left" font="宋体" size="12" color="#b8f109, #ffffff"/>
		<!--列表滚动条-->
		<scrollbar thumb_src="scrollbar_thumb.png" button_src="scrollbar_button.png" track_src="scrollbar_track.png"/>
		<!--关闭按钮-->
		<bt_close xywh="319, 3, 24, 17" src="close.png"/>
	</list>
	<!--歌词窗口-->
	<lrc xywh="0C, 0C,364, 245" src="win.swf" mask="" lock="" display="0" group="">
		<!--歌词内容面板-->
		<text xywh="34,66, 88P, 60P" align="center" font="宋体" size="12" color="#b8f109, #ffffff"/>
		<!--关闭按钮-->
		<bt_close xywh="319, 3, 24, 17" src="close.png"/>
	</lrc>
	<media xywh="-300C, -150C, 364, 245" src="win.swf" mask="" lock="" display="1" group="">
		<!--视频区(包括混音器)-->
		<video xywh="34,26, 88P, 87P"/>
		<!--关闭按钮-->
		<bt_close xywh="319, 3, 24, 17" src="close.png"/>
	</media>
	<console xywh="0C, 0C,434,308" src="console.swf" mask="" lock="0" display="1" group="A">
		<!--播放及暂停按钮-->
		<bt_play xywh="87C, 49C, 24, 23" src="bt_play.png"/>
		<!--停止按钮-->
		<bt_stop xywh="110C, 39C, 19,18" src="bt_stop.png"/>
		<!--上一首按钮-->
		<bt_prev xywh="36C, 56C,21,16" src="bt_prev.png"/>
		<!--下一首按钮-->
		<bt_next xywh="129C, 25C, 19,20" src="bt_next.png"/>
		<!--随机播放开启按钮-->
		<bt_random xywh="0, 0, 1,1" src=""/>
		<!--重复播放开启按钮-->
		<bt_repeat xywh="0, 0,1,1" src=""/>
		<!--静音切换按钮-->
		<bt_mute xywh="-66C, -92C,24, 20" src="bt_mute.png"/>
		<!--音量调节条-->
		<volume xywh="-10C, -95C, 90, 13" thumb_src="1.png" track_src="bt_volume.png"/>
		<!--播放进度条-->
		<progress xywh="-23C, -48C, 144,7" thumb_src="1.png" track_src="bt_seek.png"/>
		<!--列表窗口打开和关闭按钮-->
		<bt_list xywh="-95C, 15C, 26, 23" src="bt_list.png"/>
		<!--视频窗口打开和关闭按钮-->
		<bt_video xywh="62C, 55C, 22, 15" src="bt_video.png"/>
		<!--歌词窗口打开和关闭按钮-->
		<bt_lrc xywh="-65C, 29C, 32, 17" src="bt_lrc.png"/>
		<!--设置窗口打开和关闭按钮-->
		<bt_option xywh="-108C, -9C, 17,19" src="bt_option.png"/>
		<!--全屏切换按钮-->
		<bt_fullscreen xywh="0, 0, 1, 1" src="bt_fullscreen.png"/>
		<!--标题信息栏-->
		<title xywh="-27C,-76C, 147, 18" align="center" font="宋体" size="12" color="#000000" borderColor="" backgroundColor="" bold="1"/>
		<!--播放状态信息栏-->
		<status xywh="0C,0C, 1, 1" align="center" font="宋体" size="12" color="#000000" borderColor="" backgroundColor="" bold=""/>
		<!--播放时间栏(当前时间及总时间)-->
		<time xywh="-30C,-60C,100, 18" align="center" font="宋体" size="12" color="#000000" borderColor="" backgroundColor="" bold="1"/>
	</console>
</skin>