﻿<skin name="VPlayer" version="1.0" author="CenFun" email="cenfun@gmail.com" url="http://bbs.cenfun.com/" readme="" show_tips="0">
	<console xywh="0, 0, 100P, 100P" src="vplayer.swf" lock="1" display="1" group="A">
		<bt_play xywh="10, 10R, 40, 30" src="bt_play.png" />
		<bt_mute xywh="50R, 10R, 30, 30" src="bt_mute.png" />
		<volume xywh="-23R, 30R, 100, 24" track_src="track.png" rotation="-90" />
		<progress xywh="63, 13R, 125B, 24" track_src="track.png" />
		<bt_fullscreen xywh="10R, 10R, 30, 30" src="bt_fullscreen.png" tips="" />
		<time xywh="90R, 18R, 98, 16" align="center" font="Verdana" size="11" color="#cccccc" borderColor=""  />
	</console>
	<media xywh="0, 0, 100P, 100P" src="bg.swf" lock="1" display="1" group="A">
		<video xywh="1, 1, 1B, 1B" />
	</media>
	<list xywh="0C, 117C, 280, 210" src="" lock="1" display="0" group="A">
		<tree xywh="1, 1, 1B, 1B" align="left" font="Arial" size="12" color="#666666, #ffffff" />
		<scrollbar thumb_src="scrollbar_thumb.png" button_src="scrollbar_button.png" />
	</list>

</skin>