﻿<skin ver="1.0" name="魔兽世界" url="http://bbs.cenfun.com/" by="CenFun" email="cenfun@gmail.com" mask_color="">
	<!--
	CMP皮肤模板
	ver="皮肤的版本号" name="皮肤名称" url="皮肤官方网址" by="皮肤作者" email="联系人电子邮箱"
	mask_color为透明色(镂空色)，如: mask_color="#FF00FF" 则所有皮肤中的紫红色#FF00FF将透明显示
	默认透明色为空，推荐为空以提高性能，因为png本身支持alpha通道透明度，如果不方便制作透明格式时再采用

	部分参数说明如下。

	===公共属性===
	【xywh】
	为4个数值，用英文逗号(,)隔开，分别表示对象的x横坐标、y纵坐标、w宽、h高
	若只有数字表示绝对像素值，也可数字加以下字母表相对值：
	x/y:C(center水平/垂直居中对齐), R(reverse水平/垂直反向对齐，即从右下角对齐，默认为左上角)
	w/h:P(percent宽/高百分比)
	【src】
	皮肤源地址(皮肤包中的文件全名，支持路径)，支持格式有Flash动画文件(SWF仅窗口支持)或图像文件(JPG、PNG、GIF)
	具体皮肤文件要求，请参见CMP皮肤模板包文件
	背景为1个状态，按钮为4个状态(4x1,切割方式,即横向切成4份,竖排切成1份)

	===窗口相关===
	【lock】
	是否锁定对象，锁定后将不能拖动对象和改变对象叠放层次
	1表示锁定；0表示不锁定
	【display】
	是否显示对象
	1表示显示对象；0表示隐藏对象
	【group】
	对象分组
	如果两个窗口的分组值相同，则拖动其中一个，另一个也会发生联动；否则窗口之间将不会相互影响
	默认5个窗口都在不同组，如A,B,C,D,E，即它们互不干涉

	===滑动条及滚动条===
	【thumb_src】
	滑块的皮肤源地址，滑动条中为4个状态(4x1)，滚动条为3个状态(3x1)
	【track_src】
	滑块轨道的皮肤源地址，2个状态(1x2)
	【button_src】
	滚动条上下按钮皮肤源地址，6个状态(3x2)

	===文本格式===
	【align】
	对齐方式，支持left(居左)、center(居中)、right(居右)三种
	【font】
	字体名称，默认为Verdana
	【size】
	字体大小，单位为像素，默认为12
	【color】
	歌词的颜色，分两个值，第一个颜色表默认所有的颜色，第二个表加亮行颜色。
	相关颜色值可去(http://cmp.cenfun.com/help/color.htm)查询

	-->

	<!--设置窗口-->
	<option xywh="0C, 0C, 318, 286" src="win.png" lock="0" display="0" group="A">
		<pane xywh="10, 26, 300, 250" align="left" font="宋体" size="12" color="#315111, #900301" />
		<scrollbar thumb_src="scrollbar_thumb.png" button_src="scrollbar_button.png" />
		<bt_close xywh="5R, 0, 23, 21" src="bt_close.png" />
	</option>

	<!--列表窗口-->
	<list xywh="181C, -41C, 222, 286" src="win.png" lock="0" display="0" group="B">
		<list1 xywh="9, 26, 53, 250" align="left" font="宋体" size="12" color="#315111, #900301" />
		<list2 xywh="62, 26, 151, 250" align="left" font="宋体" size="12" color="#315111, #900301" />
		<scrollbar thumb_src="scrollbar_thumb.png" button_src="scrollbar_button.png" />
		<bt_close xywh="5R, 0, 23, 21" src="bt_close.png" />
	</list>
	
	<!--歌词窗口-->
	<lrc xywh="181C, 150C, 222, 100" src="win.png" lock="0" display="0" group="B">
		<text xywh="9, 26, 204, 64" align="center" font="宋体" size="12" color="#315111, #900301" />
		<bt_close xywh="5R, 0, 23, 21" src="bt_close.png" />
	</lrc>

	<!--媒体窗口-->
	<media xywh="-126C, -16C, 264, 198" src="" lock="0" display="1" group="B">
		<video xywh="0, 0, 264, 198" />
		<bt_close xywh="0, 0, 1, 1" src="" />
	</media>

	<!--控制台窗口-->
	<console xywh="0C, 0C, 600, 400" src="console.swf" lock="0" display="1" group="B">
		<bt_play xywh="44, 306, 50, 32" src="bt_play.png" />
		<bt_stop xywh="94, 306, 42, 32" src="bt_stop.png" />
		<bt_prev xywh="136, 306, 42, 32" src="bt_prev.png" />
		<bt_next xywh="178, 306, 42, 32" src="bt_next.png" />
		<bt_mute xywh="224, 339, 15, 17" src="bt_mute.png" />
		<bt_random xywh="220, 306, 42, 32" src="bt_random.png" />
		<bt_repeat xywh="262, 306, 42, 32" src="bt_repeat.png" />
		<volume xywh="240, 344, 60, 7" thumb_src="volume_thumb.png" track_src="volume_track.png" />
		<progress xywh="46, 344, 170, 7" thumb_src="progress_thumb.png" track_src="progress_track.png" />
		<bt_list xywh="340, 22, 30, 64" src="bt_list.png" />
		<bt_video xywh="0, 0, 1, 1" src="" />
		<bt_lrc xywh="340, 86, 30, 64" src="bt_lrc.png" />
		<bt_option xywh="340, 150, 30, 68" src="bt_option.png" />
		<bt_fullscreen xywh="0, 0, 1, 1" src=""/>
		<title xywh="42, 51, 264, 18" align="center" font="宋体" size="12" color="#660000" />
		<status xywh="47, 288, 160, 18" align="left" font="宋体" size="12" color="#C58200" />
		<time xywh="200, 287, 100, 18" align="right" font="宋体" size="12" color="#C58200" />
	</console>

</skin>