﻿<skin ver="1.2" name="地下城与勇士" url="http://mjjdn.cn/" by="路过恋人" email="huoqingchun88@163.com" mask_color="">
<!--皮肤并不完善！还剩个进度条和音量条。懒得弄了~~-->
	<!--设置窗口-->
	<option xywh="16C, 34C, 428, 280" src="setup.png" mask="" lock="1" display="0" group="A">
		<!--设置面板-->
		<pane xywh="2, 40C, 100P, 200" align="left" font="宋体" size="12" color="#6700be, #003fb2"/>
		<!--面板滚动条-->
		<scrollbar thumb_src="scrollbar_thumb.png" button_src="scrollbar_button.png" track_src="scrollbar_track.png"/>
		<!--关闭按钮-->
		<bt_close xywh="2, 60, 422, 17" src=""/>
	</option>
<!--歌词窗口-->
	<lrc xywh="16C, 23C, 428, 258" src="lrc.png" mask="" lock="1" display="0" group="A">
		<!--歌词内容面板-->
		<text xywh="0, 28C, 100P, 85P" align="center" font="宋体" size="12" color="#666666, #74BB1E"/>
		<!--关闭按钮-->
		<bt_close xywh="2, 40, 422, 17" src=""/>
	</lrc>
<!--列表窗口-->
	<list xywh="16C, 13C, 428, 238" src="list.png" mask="" lock="1" display="0" group="A">
		<!--音乐分类列表-->
		<list1 xywh="0, 20C, 30P, 88P" align="left" font="宋体" size="12" color="#6700be, #003fb2"/>
		<!--音乐列表-->
		<list2 xywh="0R, 20C, 70P, 88P" align="left" font="宋体" size="12" color="#6700be, #003fb2"/>
		<!--列表滚动条-->
		<scrollbar thumb_src="scrollbar_thumb.png" button_src="scrollbar_button.png" track_src="scrollbar_track.png"/>
		<!--关闭按钮-->
		<bt_close xywh="0C, -88C, 422, 17" src=""/>
	</list>

	<!--媒体窗口-->
	<media xywh="16C,3C, 424, 214" src="video.png" mask="" lock="1" display="1" group="A">
		<!--视频区(包括混音器)-->
		<video xywh="0, 20, 420, 193"/>
		<!--关闭按钮-->
		<bt_close xywh="0, 0, 422, 17" src=""/>
	</media>
	<!--控制台窗口-->
	<console xywh="0C, 0C, 479, 512" src="player.png" mask="" lock="" display="1" group="A">
		<!--播放及暂停按钮-->
		<bt_play xywh="-88C, 231C, 28,27" src="bt_play.png"/>
		<!--停止按钮-->
		<bt_stop xywh="-19C, 231C, 28, 27" src="bt_stop.png"/>
		<!--上一首按钮-->
		<bt_prev xywh="-124C, 231C, 28, 27" src="bt_prev.png"/>
		<!--下一首按钮-->
		<bt_next xywh="-55C, 231C, 28, 27" src="bt_next.png"/>
		<!--随机播放开启按钮-->
		<bt_random xywh="224C, -148C, 20, 12" src="bt_random.png"/>
		<!--重复播放开启按钮-->
		<bt_repeat xywh="254C, -148C, 20, 12" src="bt_repeat.png"/>
		<!--静音切换按钮-->
		<bt_mute xywh="51C, 231C, 31, 28" src="v.png"/>
		<!--音量调节条-->
		<volume xywh="175C, -148C, 1, 1" thumb_src="" track_src="volume_track.png"/>
		<!--播放进度条-->
		<progress xywh="0C, -148C, 1, 1" thumb_src="" track_src="progress_track.png"/>
		<!--列表窗口打开和关闭按钮-->
		<bt_list xywh="16C, 120C, 422, 17" src=""/>
		<!--视频窗口打开和关闭按钮-->
		<bt_video xywh="16C, -95C, 422, 17" src=""/>
		<!--歌词窗口打开和关闭按钮-->
		<bt_lrc xywh="16C, 140C, 422, 17" src=""/>
		<!--设置窗口打开和关闭按钮-->
		<bt_option xywh="16C, 160C, 422, 17" src=""/>
		<!--全屏切换按钮-->
		<bt_fullscreen xywh="17C, 231C, 31, 28" src="p.png"/>
		<!--标题信息栏-->
		<title xywh="-30C, 199C, 260, 18" align="center" font="宋体" size="12" color="#777777" borderColor="" backgroundColor="" bold="1"/>
		<!--播放状态信息栏-->
		<status xywh="5C, -178C, 200, 18" align="center" font="宋体" size="12" color="#A1B3C3" borderColor="" backgroundColor="" bold=""/>
		<!--播放时间栏(当前时间及总时间)-->
		<time xywh="155C, 200C, 98, 18" align="center" font="宋体" size="12" color="#A1B3C3" borderColor="" backgroundColor="" bold=""/>
	</console>
</skin>