﻿<skin version="1.0" name="JuicyBlack" url="http://bbs.cenfun.com/" author="CenFun" readme="GOM Player skin" email="cenfun@gmail.com">
  <option xywh="0C, -32C, 13B, 61B" src="win.png" mask="" lock="1" display="0" group="A">
    <pane xywh="0, 0, 100P, 100P" align="left" font="Verdana" size="12" color="#FFC86C, #FFFFFF" />
    <scrollbar thumb_src="scrollbar_thumb.png" button_src="scrollbar_button.png" track_src="scrollbar_track.png"/>
    <event type="open" target="list" property="display" value="0" />
  </option>
  <list xywh="0C, -32C, 13B, 61B" src="win.png" mask="" lock="1" display="0" group="A">
    <tree xywh="0, 0, 100P, 100P" align="left" font="Verdana" size="12" color="#FFC86C, #FFFFFF" />
    <scrollbar thumb_src="scrollbar_thumb.png" button_src="scrollbar_button.png" track_src="scrollbar_track.png"/>
    <event type="open" target="option" property="display" value="0" />
  </list>
  <lrc xywh="0C, 92R, 13B, 20" src="win.png" mask="" lock="1" display="0" group="A" alpha="0.8">
    <text xywh="0, 0, 100P, 100P" align="center" font="Verdana" size="12" color="#aaaaaa,#ffffff" horizontal="1" max_scale="2" shadow="1,90,#000000,0.5,1,1,1,3" />
  </lrc>
  <media xywh="0C, -32C, 13B, 61B" src="" mask="" lock="1" display="1" group="A">
    <video xywh="0, 0, 100P, 100P" />
  </media>
  <console xywh="0C, 0C, 100P, 100P" src="console.png" mask="" lock="1" display="1" group="A">
    <bt_play xywh="20, 12R, 46, 45" src="bt_play.png" />
    <bt_stop xywh="68, 23R, 44, 22" src="bt_stop.png" />
	<bt_prev xywh="113, 23R, 44, 22" src="bt_prev.png" />
	<bt_next xywh="158, 23R, 44, 22" src="bt_next.png" />
    <bt_mute xywh="100R, 74R, 20, 10" src="bt_mute.png" />
    <volume xywh="14R, 77R, 80, 4" thumb_src="slider_thumb.png" track_src="slider_track.png" />
    <progress xywh="-12C, 77R, 118B, 4" thumb_src="slider_thumb.png" track_src="slider_track.png" />
	<bt_list xywh="145R, 23R, 54, 22" src="bt_list.png" />
	<bt_lrc xywh="86R, 23R, 54, 22" src="bt_lrc.png" />
    <bt_option xywh="27R, 23R, 54, 22" src="bt_option.png" />
    <bt_fullscreen xywh="12R, 1, 34, 19" src="bt_fullscreen.png"/>
    <title xywh="15C, 4, 60B, 17" align="center" font="Verdana" size="12" color="#CCCCCC" bold="1" borderColor="" shadow="1,90,#000000,0.5,1,1,1,3" />
    <status xywh="0C, 25R, 230B, 18" align="center" font="Verdana" size="12" color="#cccccc" borderColor="" />
    <time xywh="12, 72R, 90, 16" align="center" font="Verdana" size="10" color="#ffffff" borderColor="" shadow="1,90,#000000,0.5,1,1,1,3" />
  </console>
</skin>
