﻿<skin ver="1.1" name="RealPlayer" url="http://huoqingchun.cn/" by="路过恋人" email="huoqingchun88@163.com" mask_color="">

	<option xywh="0C, 0C, 271, 385" src="set_skin.png" mask="" lock="0" display="0" group="">
		<pane xywh="20, 54, 94P, 89P" align="left" font="宋体" size="12" color="#001178, #5f689f" />
		<scrollbar thumb_src="scrollbar_thumb.png" button_src="scrollbar_button.png" track_src="scrollbar_track.png"/>
		<bt_close xywh="8R, 5, 17, 16" src="close.png" />
	</option>

	<list xywh="0C, 0C, 560, 404" src="list_skin.png" mask="" lock="0" display="0" group="">
		<list1 xywh="12, 82, 30P, 85P" align="left" font="宋体" size="12" color="#001178, #5f689f" />
		<list2 xywh="179, 82, 97P, 85P" align="left" font="宋体" size="12" color="#001178, #5f689f" />
		<scrollbar thumb_src="scrollbar_thumb.png" button_src="scrollbar_button.png" track_src="scrollbar_track.png"/>
		<bt_close xywh="8R, 5, 17, 16" src="close.png" />
	</list>

	<lrc xywh="10, 89R, 10B, 20" src="lrc.swf" mask="" lock="0" display="0" group="A">
		<text xywh="8, 25, 100P, 100P" align="center" font="宋体" size="12" color="#00ff00, #ffffff" />
		<bt_close xywh="6R, 0, 1, 1" src="" />
	</lrc>

	<media xywh="0C, -30C, 10B, 60B" src="video_skin.png" mask="" lock="1" display="1" group="A">
		<video xywh="0, 0, 100P, 100P" />
		<bt_close xywh="6R, 0, 1, 1" src="" />
	</media>

	<console xywh="0C, 0C, 100P, 100P" src="player_skin.png" mask="" lock="1" display="1" group="A">
		<bt_play xywh="14, 26R, 47, 33" src="bt_play.png" />
		<bt_stop xywh="65, 32R, 22, 22" src="bt_stop.png" />
		<bt_prev xywh="91, 32R, 20, 22" src="bt_prev.png" />
		<bt_next xywh="112, 32R, 20, 22" src="bt_next.png" />
		<bt_random xywh="-140C, 5C, 25, 25" src="bt_random.png" />
		<bt_repeat xywh="-113C, 5C, 25, 25" src="bt_repeat.png" />
		<bt_mute xywh="88R, 32R, 22, 22" src="bt_mute.png" />
		<volume xywh="18R, 35R, 68, 14" thumb_src="volume_thumb.png" track_src="volume_track.png" />
		<progress xywh="0C, 42R, 135B, 3" thumb_src="volume_thumb.png" track_src="progress_track.png" />
		<bt_list xywh="148, 4R, 128, 20" src="bt_list.png" />
		<bt_video xywh="100R, 6R, 13, 13" src="bt_video.png" />
		<bt_lrc xywh="80R, 6R, 13, 13" src="bt_lrc.png" />
		<bt_option xywh="60R, 6R, 13, 13" src="bt_option.png" />
		<bt_fullscreen xywh="35R, 7, 17, 17" src="bt_fullscreen.png"/>
		<title xywh="110, 68R, 50P, 18" align="left" font="宋体" size="12" color="#000000" borderColor="" backgroundColor="" bold="" />
		<status xywh="28, 68R, 60, 18" align="left" font="宋体" size="12" color="#000000" borderColor="" backgroundColor="" bold="" />
		<time xywh="80R, 68R, 94, 18" align="right" font="宋体" size="12" color="#000000" borderColor="" backgroundColor="" bold="" />
	</console>

</skin>