﻿<skin version="1.2" name="博客-雪地" url="http://bbs.cenfun.com/" author="CenFun" email="cenfun@gmail.com" mask_color="">
  <option xywh="0C, -13C, 10B, 75B" src="" mask="" lock="1" display="0" group="A">
    <pane xywh="0, 0, 100P, 100P" align="left" font="宋体" size="12" color="#7f8891, #ffffff" />
    <scrollbar thumb_src="scrollbar_thumb.png" button_src="scrollbar_button.png" track_src="scrollbar_track.png"/>
    <event type="open" target="list" property="display" value="0" />
    <event type="open" target="lrc" property="display" value="0" />
  </option>
  <list xywh="0C, -13C, 10B, 75B" src="" mask="" lock="1" display="0" group="A">
    <tree xywh="0, 0, 100P, 100P" align="left" font="宋体" size="12" color="#7f8891, #ffffff" />
    <scrollbar thumb_src="scrollbar_thumb.png" button_src="scrollbar_button.png" track_src="scrollbar_track.png"/>
    <event type="open" target="option" property="display" value="0" />
    <event type="open" target="lrc" property="display" value="0" />
  </list>
  <lrc xywh="0C, -13C, 10B, 75B" src="" mask="" lock="1" display="0" group="A">
    <text xywh="0, 0, 100P, 100P" align="center" font="宋体" size="12" color="#7f8891, #ffffff" />
    <event type="open" target="list" property="display" value="0" />
    <event type="open" target="option" property="display" value="0" />
  </lrc>
  <media xywh="0C, -13C, 10B, 75B" src="black.png" mask="" lock="1" display="1" group="A">
    <video xywh="0, 0, 100P, 100P" />
  </media>
  <console xywh="0C, 0C, 100P, 100P" src="console.png" mask="" lock="1" display="1" group="A">
    <bt_play xywh="10, 10R, 34, 35" src="bt_play.png" tips="播放,暂停" />
    <bt_stop xywh="44, 14R, 25, 25" src="bt_stop.png" />
    <bt_prev xywh="75, 14R, 25, 25" src="bt_prev.png" />
    <bt_next xywh="100, 14R, 25, 25" src="bt_next.png" />
    <bt_random xywh="38R, 13R, 19, 13" src="bt_random.png" />
    <bt_repeat xywh="12R, 13R, 19, 13" src="bt_repeat.png" />
    <volume xywh="10R, 35R, 50, 7" thumb_src="volume_thumb.png" track_src="volume_track.png" />
    <progress xywh="0C, 52R, 10B, 9" thumb_src="progress_thumb.png" track_src="progress_track.png" />
    <bt_list xywh="15, 36, 33, 19" src="bt_list.png" />
    <bt_lrc xywh="52, 36, 33, 19" src="bt_lrc.png" />
    <bt_option xywh="90, 36, 33, 19" src="bt_option.png" />
    <bt_fullscreen xywh="12R, 7, 18, 18" src="bt_fullscreen.png"/>
    <title xywh="10, 8, 22B, 18" align="center" font="宋体" size="12" color="#434343" borderColor="" backgroundColor="" bold="1" />
    <status xywh="10, 68R, 55B, 18" align="left" font="宋体" size="12" color="#ffffff" borderColor="" backgroundColor="" bold="" />
    <time xywh="10R, 68R, 90, 18" align="right" font="宋体" size="12" color="#ffffff" borderColor="" backgroundColor="" bold="" />
  </console>
</skin>
