﻿<skin version="1.3" name="ExoBUD Plastic" url="http://bbs.cenfun.com/" author="CenFun" email="cenfun@gmail.com" mask_color="">
  <option xywh="0C, 24, 34P, 100P" src="win.swf" mask="" lock="1" display="0" group="">
    <pane xywh="0, 0, 100P, 100P" align="left" font="Verdana" size="12" color="#999999, #0072FF"/>
    <scrollbar thumb_src="scrollbar_thumb.png" button_src="scrollbar_button.png" track_src=""/>
  </option>
  <list xywh="0R, 24, 33P, 100P" src="win.swf" mask="" lock="1" display="1" group="">
    <tree xywh="0, 0, 100P, 100P" align="left" font="Verdana" size="12" color="#999999, #0072FF"/>
    <scrollbar thumb_src="scrollbar_thumb.png" button_src="scrollbar_button.png" track_src=""/>
  </list>
  <lrc xywh="0, 24, 33P, 100P" src="win.swf" mask="" lock="1" display="1" group="">
    <text xywh="0, 0, 100P, 100P" align="center" font="Verdana" size="12" color="#999999, #0072FF"/>
  </lrc>
  <media xywh="0C, 24, 34P, 100P" src="win.swf" mask="" lock="1" display="1" group="">
    <video xywh="0, 0, 100P, 100P"/>
  </media>
  <console xywh="0, 0, 100P, 24" src="console.swf" mask="" lock="1" display="1" group="">
    <bt_play xywh="145C, 0, 19, 24" src="bt_play.png"/>
    <bt_stop xywh="165C, 0, 19, 24" src="bt_stop.png"/>
    <bt_prev xywh="185C, 0, 19, 24" src="bt_prev.png"/>
    <bt_next xywh="205C, 0, 19, 24" src="bt_next.png"/>
    <bt_random xywh="225C, 0, 19, 24" src="bt_random.png"/>
    <bt_repeat xywh="245C, 0, 19, 24" src="bt_repeat.png"/>
    <bt_mute xywh="-145C, 0, 19, 24" src="bt_mute.png"/>
    <volume xywh="-195C, 0, 70, 24" thumb_src="volume_thumb.png" track_src="volume_track.png"/>
    <progress xywh="345C, 0, 170, 24" thumb_src="volume_thumb.png" track_src="progress_track.png"/>
    <title xywh="-330C, 2, 180, 18" align="left" font="Verdana" size="12" color="#333333" />
    <status xywh="43C, 2, 100, 18" align="center" font="Verdana" size="12" color="#ffffff" />
    <time xywh="-55C, 3, 80, 15" align="center" font="Verdana" size="9" color="#ffffff" />
  </console>
</skin>
