﻿<skin version="1.2" name="163音乐盒" url="http://bbs.cenfun.com/" author="CenFun" email="cenfun@gmail.com" readme="" preview="" mask_color="" show_tips="0.5">
  <option xywh="0C, -22C, 232, 137" src="win.png" mask="" lock="1" display="0" group="A">
    <pane xywh="0, 0, 100P, 100P" align="left" font="宋体" size="12" color="#00ff00, #ffffff"/>
    <scrollbar thumb_src="scrollbar_thumb.png" button_src="scrollbar_button.png" track_src="scrollbar_track.png"/>
    <event type="open" target="list" property="display" value="0" />
    <event type="open" target="media" property="display" value="0" />
  </option>
  <list xywh="0C, -22C, 232, 137" src="win.png" mask="" lock="1" display="0" group="A">
    <tree xywh="0, 0, 100P, 100P" align="left" font="宋体" size="12" color="#00ff00, #ffffff"/>
    <scrollbar thumb_src="scrollbar_thumb.png" button_src="scrollbar_button.png" track_src="scrollbar_track.png"/>
    <event type="open" target="option" property="display" value="0" />
    <event type="open" target="media" property="display" value="0" />
  </list>
  <media xywh="0C, -22C, 232, 137" src="win.png" mask="" lock="1" display="0" group="A">
    <video xywh="0, 0, 100P, 100P"/>
    <event type="open" target="list" property="display" value="0" />
    <event type="open" target="option" property="display" value="0" />
  </media>
  <lrc xywh="0C, -22C, 232, 137" src="" mask="mask.swf" lock="0" display="1" group="A">
    <text xywh="0, 0, 100P, 100P" align="center" font="宋体" size="12" color="#00ff00, #ffffff"/>
  </lrc>
  <console xywh="0C, 0C, 248, 252" src="console.png" mask="" lock="1" display="1" group="A">
    <bt_play xywh="50, 12R, 20, 20" src="bt_play.png"/>
    <bt_prev xywh="16, 12R, 20, 20" src="bt_prev.png"/>
    <bt_next xywh="82, 12R, 20, 20" src="bt_next.png"/>
    <bt_random xywh="110, 12R, 20, 20" src="bt_random.png"/>
    <volume xywh="42R, 31R, 28, 10" thumb_src="" track_src="volume_track.png"/>
    <progress xywh="8, 48R, 232, 5" thumb_src="progress_thumb.png" track_src="progress_track.png"/>
    <bt_list xywh="30R, 8R, 13, 13" src="bt_list.png"/>
    <bt_video xywh="10R, 8R, 13, 13" src="bt_video.png"/>
    <bt_option xywh="30R, 10, 13, 13" src="bt_option.png"/>
    <bt_fullscreen xywh="10R, 10, 13, 13" src="bt_fullscreen.png"/>
    <title xywh="25, 10, 136, 18" align="left" font="宋体" size="12" color="#CAF0FF" borderColor="" backgroundColor="" bold=""/>
    <status xywh="8, 175, 145, 18" align="left" font="宋体" size="12" color="#585F6B" borderColor="" backgroundColor="" bold=""/>
    <time xywh="10R, 175, 85, 18" align="right" font="宋体" size="12" color="#585F6B" borderColor="" backgroundColor="" bold=""/>
  </console>
</skin>
