﻿<skin ver="1.1" name="银色堡垒" url="http://mjjdn.cn" by="路过恋人" email="huoqingchun88@163.com" mask_color="">
<!--1.1版本为默认左上角。适用于博客添加flash模块-->
<!--列表窗口-->
	<list xywh="0, 153, 300, 232" src="list-skin.png" mask="" lock="1" display="0" group="A">
		<!--音乐分类列表-->
		<list1 xywh="5, 9, 21P, 97P" align="left" font="SimSun" size="12" color="#4c618f, #000000"/>
		<!--音乐列表-->
		<list2 xywh="75, 9, 96P, 97P" align="left" font="SimSun" size="12" color="#4c618f, #000000"/>
		<!--列表滚动条-->
		<scrollbar thumb_src="ScrollBarSlider.png" button_src="ScrollbarButton.png" track_src="scrollbar_track.png"/>
		<!--关闭按钮-->
		<bt_close xywh="0, 0, 1, 1" src=""/>
	</list>
<!--媒体窗口-->
	<media xywh="0, 153, 300, 273" src="video.png" mask="" lock="1" display="1" group="A">
		<!--视频区(包括混音器)-->
		<video xywh="0C, 27, 98P, 88P" />
		<!--关闭按钮-->
		<bt_close xywh="6R, 5, 7, 7" src="close.png" />
	</media>
	<!--歌词窗口-->
	<lrc xywh="0, 154, 300, 23" src="lrc-skin.png" mask="" lock="1" display="0" group="A">
		<!--歌词内容面板-->
		<text xywh="0, 0, 100P, 100P" align="center" font="宋体" size="12" color="#7f8891, #4c618f"/>
		<!--关闭按钮-->
		<bt_close xywh="0, 0, 1, 1" src=""/>
	</lrc>
	<!--控制台窗口-->
	<console xywh="0, 0, 300, 159" src="player-skin.png" mask="" lock="1" display="1" group="A">
		<!--播放及暂停按钮-->
		<bt_play xywh="4, 51C, 28, 27" src="bt_play.png"/>
		<!--停止按钮-->
		<bt_stop xywh="31, 51C, 28, 27" src="bt_stop.png"/>
		<!--上一首按钮-->
		<bt_prev xywh="90, 51C, 28, 27" src="Prev.png"/>
		<!--下一首按钮-->
		<bt_next xywh="117, 51C, 28, 27" src="Next.png"/>
		<!--随机播放开启按钮-->
		<bt_random xywh="38R, 13R, 19, 13" src="bt_random.png"/>
		<!--重复播放开启按钮-->
		<bt_repeat xywh="12R, 13R, 19, 13" src="bt_repeat.png"/>
		<!--静音切换按钮-->
		<bt_mute xywh="66C, 19C, 12, 12" src="mute.png"/>
		<!--音量调节条-->
		<volume xywh="108C, 18C, 70, 4" thumb_src="VolumeSlider.png" track_src="VolumeBgfill.png"/>
		<!--播放进度条-->
		<progress xywh="-1C, 2C, 287, 4" thumb_src="Slider.png" track_src="ProgressBgfill.png"/>
		<!--列表窗口打开和关闭按钮-->
		<bt_list xywh="252, 51C, 40, 27" src="Music.png"/>
		<!--视频窗口打开和关闭按钮-->
		<bt_video xywh="52, 36, 33, 19" src="bt_video.png"/>
		<!--歌词窗口打开和关闭按钮-->
		<bt_lrc xywh="212, 51C, 40, 27" src="Lric.png"/>
		<!--设置窗口打开和关闭按钮-->
		<bt_option xywh="151, 51C, 28, 27" src="Color.png"/>
		<!--全屏切换按钮-->
		<bt_fullscreen xywh="12R, 7, 18, 18" src="bt_fullscreen.png"/>
		<!--标题信息栏-->
		<title xywh="0C, -28C, 180, 18" align="left" font="SimSun" size="12" color="#ffffff" borderColor="" backgroundColor="" bold="1"/>
		<!--播放状态信息栏-->
		<status xywh="-50C, 15C, 180, 18" align="left" font="宋体" size="12" color="#ffffff" borderColor="" backgroundColor="" bold=""/>
		<!--播放时间栏(当前时间及总时间)-->
		<time xywh="97C, -10C, 90, 18" align="left" font="宋体" size="12" color="#ffffff" borderColor="" backgroundColor="" bold=""/>
	</console>


</skin>