﻿<skin name="QQ影音-经典蓝" version="1.0"  author="abou"url="http://abou.lovecmp.com/" email="3000288@gmail.com" readme="QQ影音自适应大小版" preview="preview.jpg" mask_color="" show_tips="0.5">

	<option xywh="2, 22, 1B, 32B" src="lrc.swf" mask="" lock="1" display="0" group="A">
	
		<pane xywh="0, 0, 100P, 100P" align="left" font="" size="12" color="#A5D1FF, #006cff" />

		<scrollbar thumb_src="scrollbar_thumb.png" button_src="scrollbar_button.png" track_src="scrollbar_track.png"/>

		<bt_close xywh="0, 0, 1, 1" src="" />
	</option>


	<list xywh="2R, 22, 177, 27B" src="list_w.png" mask="" lock="1" display="1" group="A">

		<tree xywh="1, 0, 100P, 100P" align="left" font="" size="12" color="#A5D1FF, #006cff" />
		<scrollbar thumb_src="scrollbar_thumb.png" button_src="scrollbar_button.png" track_src="scrollbar_track.png"/>

		<bt_close xywh="170R, 0C, 7, 48" src="bt_close.png" />
	</list>
	

	<lrc xywh="2, 43R, 90B, 50" src="lrc.swf" mask="" lock="1" display="1" group="A">

		<text xywh="0, 1, 100P, 100P" align="center" font="" size="12" color="#EDB534, #FFFFFF" />

		<bt_close xywh="0, 0, 1, 1" src="" />
	</lrc>


	<media xywh="2, 22, 90B, 32B" src="" mask="" lock="0" display="1" group="A">

		<video xywh="0, 0, 100P, 100P" />

		<bt_close xywh="0, 0, 1, 1" src="" />
	</media>



	<console xywh="0C, 0C, 100P, 100P" src="console.png" mask="" lock="1" display="1" group="A">

		<bt_play xywh="0C, 0R, 51, 33" src="bt_play.png" />

		<bt_stop xywh="-67C, 3R, 27, 27" src="bt_stop.png" />

		<bt_prev xywh="-40C, 3R, 27, 27" src="bt_prev.png" />

		<bt_next xywh="40C, 3R, 27, 27" src="bt_next.png" />

		<bt_random xywh="0, 0, 1, 1" src="" />

		<bt_repeat xywh="0, 0, 1, 1" src="" />

		<bt_mute xywh="67C, 3R, 27, 27" src="bt_mute.png" />

		<volume xywh="110C, 13R, 60, 7" thumb_src="volume_thumb.png" track_src="volume_track.png" />

		<progress xywh="2, 32R, 90B, 13" thumb_src="progress_thumb.png" track_src="progress_track.png" />

		<bt_list xywh="2R, 0C, 7, 48" src="bt_list.png" />

		<bt_video xywh="0, 0, 1, 1" src="" />

		<bt_lrc xywh="0, 0, 1, 1" src="" />

		<bt_option xywh="12R, 7R, 18, 18" src="bt_option.png" />

		<bt_fullscreen xywh="8, 7R, 1, 1" src=""/>

		<title xywh="25, 1, 450, 20" align="left" font="" size="12" color="#CEEDF8" borderColor="" backgroundColor="" bold="1" />

		<status xywh="12, 7R, 170, 20" align="left" font="" size="12" color="#A5D1FF" borderColor="" backgroundColor="" bold="" />

		<time xywh="5R, 4, 100, 18" align="right" font="" size="12" color="#A5D1FF" borderColor="" backgroundColor="" bold="" />
	</console>
<languages>
    <msg id="state_undefined">未定义</msg>
    <msg id="state_connecting">连接中</msg>
    <msg id="state_buffering">缓冲处理中</msg>
    <msg id="state_playing">正在播放中</msg>
    <msg id="state_paused">已暂停播放</msg>
    <msg id="state_stopped">已停止播放</msg>
    <msg id="state_completed">已播放完毕</msg>
    <msg id="state_reconnecting">重试连接中</msg>
    <msg id="menu_fullscreen">全屏切换</msg>
    <msg id="menu_list">列表</msg>
    <msg id="menu_lrc">歌词</msg>
    <msg id="menu_video">视频</msg>
    <msg id="menu_option">选项</msg>
    <msg id="option_title_skins">设置皮肤</msg>
    <msg id="option_title_about">关于程序</msg>
    <msg id="option_skin_waiting">等待加载</msg>
    <msg id="option_skin_loading">加载中</msg>
    <msg id="option_skin_error">皮肤错误</msg>
	<msg id="option_skin_version">版本</msg>
	<msg id="option_skin_author">作者</msg>
	<msg id="option_skin_email">邮箱</msg>
	<msg id="option_skin_url">网址</msg>
	<msg id="option_skin_readme">说明</msg>
    <msg id="option_copy_url">复制分享地址</msg>
    <msg id="option_copy_embed">复制插入代码</msg>
    <msg id="option_copied">已复制</msg>
    <msg id="tips_video_scalemode">视频缩放模式</msg>
    <msg id="tips_video_rotation">视频旋转90度</msg>
    <msg id="tips_video_blackwhite">视频黑白效果</msg>
    <msg id="tips_video_highlight">视频加亮效果</msg>
    <msg id="tips_video_smoothing">视频平滑处理</msg>
    <msg id="tips_mixer_prev">上一个效果</msg>
    <msg id="tips_mixer_next">下一个效果</msg>
    <msg id="tips_mixer_color">改变颜色</msg>
    <msg id="tips_mixer_displace">置换效果</msg>
    <msg id="tips_mixer_filter">滤镜效果</msg>
    <msg id="tips_view_max">最大化</msg>
    <msg id="tips_view_max_exit">退出最大化</msg>
	<msg id="view_listing">加载列表</msg>
    <msg id="view_error">错误</msg>
  </languages>
</skin>