﻿<skin ver="1.0" name="tran" url="http://22766966.qzone.qq.com" by="lee jinxi" email="ljx9812@163.com" mask_color="#FC0101">
	<!--设置窗口-->
	<option xywh="0C, 0C, 363, 213" src="win.swf" mask="" lock="" display="0" group="">
		<!--设置面板-->
		<pane xywh="14, 70, 95P, 89P" align="left" font="宋体" size="12" color="#3676ff, #FFFFFF"/>
		<!--面板滚动条-->
		<scrollbar thumb_src="scrollbar_thumb.png" button_src="scrollbar_button.png" track_src="scrollbar_track.png"/>
		<!--关闭按钮-->
		<bt_close xywh="330,15, 33,34" src="close.png"/>
	</option>
	<!--歌词窗口-->
	<lrc xywh="0C, 0C,363, 213" src="win.swf" mask="" lock="0" display="0" group="">
		<!--歌词内容面板-->
		<text xywh="14, 90, 95P,80P" align="center" font="宋体" size="12" color="#3676ff, #FFFFFF"/>
		<!--关闭按钮-->
		<bt_close xywh="330, 15, 33, 34" src="close.png"/>
	</lrc>
	<!--媒体窗口-->
	<media xywh="0C, 0C,363, 334" src="video.swf" mask="" lock="" display="0" group="">
		<!--视频区(包括混音器)-->
		<video xywh="14, 70, 96P, 94P"/>
		<!--关闭按钮-->
		<bt_close xywh="330,15, 33, 34" src="close.png"/>
	</media>
	<!--列表窗口-->
	<list xywh="0C, 0C, 363, 213" src="win.swf" mask="" lock="0" display="0" group="">
		<!--音乐分类列表-->
		<list1 xywh="13, 70, 35P, 89P" align="left" font="宋体" size="12" color="#3676ff, #FFFFFF"/>
		<!--音乐列表-->
		<list2 xywh="138, 70, 93P, 89P" align="left" font="宋体" size="12" color="#3676ff, #FFFFFF"/>
		<!--列表滚动条-->
		<scrollbar thumb_src="scrollbar_thumb.png" button_src="scrollbar_button.png" track_src="scrollbar_track.png"/>
		<!--关闭按钮-->
		<bt_close xywh="330,15, 33,34" src="close.png"/>
	</list>
	<!--控制台窗口-->
	<console xywh="0C, 0C, 312,431" src="newskin.swf" mask="" lock="" display="1" group="A">
		<!--播放及暂停按钮-->
		<bt_play xywh="-1C, 8C, 38,35" src="bt_play.png"/>
		<!--停止按钮-->
		<bt_stop xywh="0, 0C, 1, 1" src=""/>
		<!--上一首按钮-->
		<bt_prev xywh="-41C, -3C, 42, 15" src="bt_prev.png"/>
		<!--下一首按钮-->
		<bt_next xywh="39C, -3C,42, 15" src="bt_next.png"/>
		<!--随机播放开启按钮-->
		<bt_random xywh="-30C, 25C, 11, 11" src="bt_random.png"/>
		<!--重复播放开启按钮-->
		<bt_repeat xywh="29C, 25C, 11, 11" src="bt_repeat.png"/>
		<!--静音切换按钮-->
		<bt_mute xywh="-51C, -39C, 23, 12" src="bt_mute.png"/>
		<!--音量调节条-->
		<volume xywh="12C, -39C,96,5" thumb_src="1.png" track_src="progress_track.png"/>
		<!--播放进度条-->
		<progress xywh="12C, -100C, 96, 5" thumb_src="1.png" track_src="progress_track.png"/>
		<!--列表窗口打开和关闭按钮-->
		<bt_list xywh="81C,-109C,41, 23" src="bt_list.png"/>
		<!--视频窗口打开和关闭按钮-->
		<bt_video xywh="-82C, -82C, 42, 34" src="bt_video.png"/>
		<!--歌词窗口打开和关闭按钮-->
		<bt_lrc xywh="81C, -81C,41, 34" src="bt_lrc.png"/>
		<!--设置窗口打开和关闭按钮-->
		<bt_option xywh="-83C, -109C, 42, 23" src="bt_option.png"/>
		<!--全屏切换按钮-->
		<bt_fullscreen xywh="0, 0,1, 1" src="bt_fullscreen.png"/>
		<!--标题信息栏-->
		<title xywh="-2C, -60C, 170, 18" align="center" font="宋体" size="12" color="#3676ff" borderColor="" backgroundColor="" bold=""/>
		<!--播放状态信息栏-->
		<status xywh="0C, -115C, 140, 18" align="center" font="宋体" size="12" color="#3676ff" borderColor="" backgroundColor="" bold=""/>
		<!--播放时间栏(当前时间及总时间)-->
		<time xywh="0C, -82C, 100, 18" align="center" font="宋体" size="12" color="#3676ff" borderColor="" backgroundColor="" bold="1"/>
	</console>
</skin>