﻿<skin ver="1.0" name="Ku6mplayer" url="http://51cn.ucoz.com" by="路过恋人" email="huoqingchun88@163.com" mask_color="">
	
	<!--设置窗口-->
	<option xywh="0C, 0C, 336, 273" src="win.swf" mask="" lock="0" display="0" group="A">
		<!--设置面板-->
		<pane xywh="2, 17, 99P, 100P" align="left" font="宋体" size="12" color="#00ff00, #ffffff" />
		<!--面板滚动条-->
		<scrollbar thumb_src="scrollbar_thumb.png" button_src="scrollbar_button.png" track_src="scrollbar_track.png"/>
		<!--关闭按钮-->
		<bt_close xywh="6R, 0, 10, 10" src="bt_close.png" />
	</option>

	<!--列表窗口-->
	<list xywh="183C, 60C, 367, 200" src="win.swf" mask="" lock="0" display="0" group="A">
		<!--音乐分类列表-->
		<list1 xywh="2, 12, 20P, 100P" align="left" font="宋体" size="12" color="#00ff00, #ffffff" />
		<!--音乐列表-->
		<list2 xywh="1R, 12, 80P, 100P" align="left" font="宋体" size="12" color="#00ff00, #ffffff" />
		<!--列表滚动条-->
		<scrollbar thumb_src="scrollbar_thumb.png" button_src="scrollbar_button.png" track_src="scrollbar_track.png"/>
		<!--关闭按钮-->
		<bt_close xywh="6R, 0, 10, 10" src="bt_close.png" />
	</list>
	
	<!--歌词窗口-->
	<lrc xywh="-183C, 60C, 367, 200" src="win.swf" mask="" lock="0" display="0" group="A">
		<!--歌词内容面板-->
		<text xywh="2, 12, 100P, 100P" align="center" font="宋体" size="12" color="#00ff00, #ffffff" />
		<!--关闭按钮-->
		<bt_close xywh="6R, 0, 10, 10" src="bt_close.png" />
	</lrc>

	<!--媒体窗口-->
	<media xywh="0C, -13C, 735, 348" src="video_skin.png" mask="wel.swf" lock="1" display="1" group="A">
		<!--视频区(包括混音器)-->
		<video xywh="0C, 0C, 100P, 99P" />
		<!--关闭按钮-->
		<bt_close xywh="6R, 0, 1, 1" src="" />
	</media>


	<!--控制台窗口-->
	<console xywh="0C, 0C, 767, 429" src="kmp_skin.png" mask="" lock="0" display="1" group="A">
		<!--播放及暂停按钮-->
		<bt_play xywh="42, 390, 29, 29" src="KU6MP.png" />
		<!--停止按钮-->
		<bt_stop xywh="82, 397, 15, 15" src="stop.png" />
		<!--上一首按钮-->
		<bt_prev xywh="12, 369, 71, 17" src="prev.png" />
		<!--下一首按钮-->
		<bt_next xywh="127, 368, 71, 18" src="next.png" />
		<!--随机播放开启按钮-->
		<bt_random xywh="-140C, 5C, 25, 25" src="bt_random.png" />
		<!--重复播放开启按钮-->
		<bt_repeat xywh="-113C, 5C, 25, 25" src="bt_repeat.png" />
		<!--静音切换按钮-->
		<bt_mute xywh="132, 405, 15, 12" src="bt_mute.png" />
		<!--音量调节条-->
		<volume xywh="150, 405, 70, 11" thumb_src="" track_src="volume_tumb.png" />
		<!--播放进度条-->
		<progress xywh="115, 388, 626, 6" thumb_src="yinliang.png" track_src="progress_tumb.png" />
		<!--列表窗口打开和关闭按钮-->
		<bt_list xywh="655, 6, 13, 13" src="bt_list.png" />
		<!--视频窗口打开和关闭按钮-->
		<bt_video xywh="275, 386, 1, 1" src="" />
		<!--歌词窗口打开和关闭按钮-->
		<bt_lrc xywh="675, 6, 13, 13" src="bt_lrc.png" />
		<!--设置窗口打开和关闭按钮-->
		<bt_option xywh="695, 6, 13, 13" src="bt_option.png" />
		<!--全屏切换按钮-->
		<bt_fullscreen xywh="530, 401, 17, 17" src="bt_fullscreen.png"/>
		<!--标题信息栏-->
		<title xywh="106, 5, 200, 18" align="left" font="宋体" size="12" color="#00ff00" borderColor="" backgroundColor="" bold="" />
		<!--播放状态信息栏-->
		<status xywh="247, 400, 110, 18" align="left" font="宋体" size="12" color="#00ff00" borderColor="" backgroundColor="" bold="" />
		<!--播放时间栏(当前时间及总时间)-->
		<time xywh="360, 403, 87, 18" align="left" font="" size="12" color="#00ff00" borderColor="" backgroundColor="" bold="" />
	</console>

</skin>