﻿<skin version="2.0" name="简蓝全屏版" url="http://bbs.cenfun.com/" author="CenFun" email="cenfun@gmail.com" mask_color="" preview="preview.jpg">
	<option xywh="0, 50R, 100P, 212" src="win.swf" mask="" lock="1" display="0" group="A">
		<pane xywh="0, 13, 100P, 100P" align="left" font="Verdana" size="12" color="#ABD5FD, #0072FF" />
		<scrollbar thumb_src="scrollbar_thumb.png" button_src="scrollbar_button.png" track_src=""/>
		<bt_close xywh="2R, 0, 10, 10" src="bt_close.png" />
		<event type="open" target="list" property="display" value="0" />
		<event type="open" target="lrc" property="display" value="0" />
	</option>

	<list xywh="0, 50R, 100P, 212" src="win.swf" mask="" lock="1" display="0" group="A">
		<tree xywh="0, 13, 100P, 100P" align="left" font="Verdana" size="12" color="#ABD5FD, #0072FF" />
		<scrollbar thumb_src="scrollbar_thumb.png" button_src="scrollbar_button.png" track_src=""/>
		<bt_close xywh="2R, 0, 10, 10" src="bt_close.png" />
		<event type="open" target="option" property="display" value="0" />
		<event type="open" target="lrc" property="display" value="0" />
	</list>
	
	<lrc xywh="0, 50R, 100P, 212" src="win.swf" mask="" lock="1" display="0" group="">
		<text xywh="0, 13, 100P, 100P" align="center" font="Verdana" size="12" color="#ABD5FD, #0072FF" max_button="1" />
		<bt_close xywh="2R, 0, 10, 10" src="bt_close.png" />
		<event type="open" target="list" property="display" value="0" />
		<event type="open" target="option" property="display" value="0" />
	</lrc>

	<media xywh="0, 50R, 100P, 100P" src="media.swf" mask="" lock="1" display="1" group="">
		<video xywh="0, 0, 100P, 100P" />
		<bt_close xywh="0, 0, 1, 1" src="" />
	</media>

	<console xywh="0, 0R, 100P, 50" src="console.swf" mask="" lock="1" display="1" group="A">
		<bt_play xywh="86, 20, 26, 26" src="bt_play.png" />
		<bt_stop xywh="112, 20, 26, 26" src="bt_stop.png" />
		<bt_prev xywh="138, 20, 26, 26" src="bt_prev.png" />
		<bt_next xywh="164, 20, 26, 26" src="bt_next.png" />
		<bt_random xywh="190, 20, 26, 26" src="bt_random.png" />
		<bt_repeat xywh="216, 20, 26, 26" src="bt_repeat.png" />
		<bt_mute xywh="163R, 29, 16, 10" src="bt_mute.png" />
		<volume xywh="110R, 31, 50, 6" thumb_src="volume_thumb.png" track_src="volume_track.png" />
		<progress xywh="0C, 6, 3B, 8" thumb_src="progress_thumb.png" track_src="progress_track.png" />
		<bt_list xywh="80R, 20, 26, 26" src="bt_list.png" />
		<bt_video xywh="0, 0, 1, 1" src="" />
		<bt_lrc xywh="54R, 20, 26, 26" src="bt_lrc.png" />
		<bt_option xywh="28R, 20, 26, 26" src="bt_option.png" />
		<bt_fullscreen xywh="2R, 20, 26, 26" src="bt_fullscreen.png"/>
		<title xywh="30C, 24, 215B, 18" align="left" font="Verdana" size="12" color="#0072FF" borderColor="" backgroundColor="" bold="" />
		<status xywh="3, 30, 80, 17" align="center" font="Verdana" size="12" color="#42453E" borderColor="#BACBE9" backgroundColor="#F0F9FF" bold="" />
		<time xywh="3, 16, 80, 15" align="center" font="Verdana" size="9" color="#42453E" borderColor="#BACBE9" backgroundColor="#F0F9FF" bold="" />
	</console>

</skin>