﻿<skin ver="1.0" name="蓝色诱惑" url="http://fdwt.xld8.cn" by="问天" email="fdwt@21cn.com" mask_color="">
	<!--
	CMP皮肤模板
	ver="皮肤的版本号" name="皮肤名称" url="皮肤官方网址" by="皮肤作者" email="联系人电子邮箱"
	mask_color为透明色(镂空色)，如: mask_color="#FF00FF" 则所有皮肤中的紫红色#FF00FF将透明显示
	默认透明色为空，推荐为空以提高性能，因为png本身支持alpha通道透明度，如果不方便制作透明格式时再采用

	部分参数说明如下。

	===公共属性===
	【xywh】
	为4个数值，用英文逗号(,)隔开，分别表示对象的x横坐标、y纵坐标、w宽、h高
	若只有数字表示绝对像素值，也可数字加以下字母表相对值：
	x/y:C(center水平/垂直居中对齐), R(reverse水平/垂直反向对齐，即从右下角对齐，默认为左上角)
	w/h:P(percent宽/高百分比)
	【src】
	皮肤源地址(皮肤包中的文件全名，支持路径)，支持格式有Flash动画文件(SWF仅窗口支持)或图像文件(JPG、PNG、GIF)
	具体皮肤文件要求，请参见CMP皮肤模板包文件
	背景为1个状态，按钮为4个状态(4x1,切割方式,即横向切成4份,竖排切成1份)

	===窗口相关===
	【lock】
	是否锁定对象，锁定后将不能拖动对象和改变对象叠放层次
	1表示锁定；0表示不锁定
	【display】
	是否显示对象
	1表示显示对象；0表示隐藏对象
	【group】
	对象分组
	如果两个窗口的分组值相同，则拖动其中一个，另一个也会发生联动；否则窗口之间将不会相互影响
	默认5个窗口都在不同组，如A,B,C,D,E，即它们互不干涉

	===滑动条及滚动条===
	【thumb_src】
	滑块的皮肤源地址，滑动条中为4个状态(4x1)，滚动条为3个状态(3x1)
	【track_src】
	滑块轨道的皮肤源地址，2个状态(1x2)
	【button_src】
	滚动条上下按钮皮肤源地址，6个状态(3x2)

	===文本格式===
	【align】
	对齐方式，支持left(居左)、center(居中)、right(居右)三种
	【font】
	字体名称，默认为Verdana
	【size】
	字体大小，单位为像素，默认为12
	【color】
	歌词的颜色，分两个值，第一个颜色表默认所有的颜色，第二个表加亮行颜色。
	相关颜色值可去(http://cmp.cenfun.com/help/color.htm)查询

	-->

	<!--设置窗口-->
	<option xywh="0C, 0C, 336, 273" src="option.PNG" lock="0" display="0" group="A">
		<pane xywh="8, 49, 320, 216" align="left" font="宋体" size="12" color="#89A4FF, #ffffff" />
		<scrollbar thumb_src="scrollbar_thumb.PNG" button_src="scrollbar_button.PNG" />
		<bt_close xywh="6R, 0, 45, 19" src="bt_close.PNG" />
	</option>


	<!--控制台窗口-->
	<console xywh="-144C, -91C, 286, 180" src="console.PNG" lock="1" display="1" group="B">
		<bt_play xywh="122, 125, 43, 44" src="bt_play.PNG" />
		<bt_prev xywh="69, 133, 52, 29" src="bt_prev.PNG" />
		<bt_next xywh="166, 133, 52, 29" src="bt_next.PNG" />
		<bt_mute xywh="34, 139, 21, 18" src="bt_mute.PNG" />
		<bt_random xywh="234, 0, 25, 20" src="bt_random.PNG" />
		<bt_repeat xywh="260, 0, 25, 20" src="bt_repeat.PNG" />
		<volume xywh="174, 88, 100, 6" thumb_src="volume_thumb.PNG" track_src="volume_track.PNG" />
		<progress xywh="6, 112, 235, 5" thumb_src="progress_thumb.PNG" track_src="progress_track.PNG" />
		<bt_close xywh="232, 0, 49, 19" src="bt_close.PNG" />
		<bt_list xywh="231, 33, 42, 20" src="bt_list.PNG" />
		<bt_video xywh="191, 33, 39, 20" src="bt_video.PNG" />
		<bt_lrc xywh="149, 33, 43, 20" src="bt_lrc.PNG" />
		<bt_option xywh="226, 134, 35, 29" src="bt_option.PNG" />
		<bt_fullscreen xywh="10R, 8, 13, 13" src="bt_fullscreen.png"/>
		<title xywh="12, 58, 110, 18" align="left" font="宋体" size="12" color="#00CCFF" />
		<status xywh="170, 58, 112, 18" align="left" font="宋体" size="12" color="#89A4FF" />
		<time xywh="20, 80, 100, 18" align="right" font="宋体" size="12" color="#89A4FF" />
	</console>

	<!--列表窗口-->
	<list xywh="144C, -91C, 286, 180" src="list.PNG" lock="1" display="1" group="C">
		<list1 xywh="8, 50, 100, 121" align="center" font="宋体" size="12" color="#89A4FF, #00CCFF" />
		<list2 xywh="108, 50, 168, 121" align="left" font="宋体" size="12" color="#89A4FF, #00CCFF" />
		<scrollbar thumb_src="scrollbar_thumb.PNG" button_src="scrollbar_button.PNG" />
		<bt_close xywh="232, 0, 49, 19" src="bt_close.PNG" />
	</list>
	
	<!--歌词窗口-->
	<lrc xywh="144C, 91C, 286, 180" src="lrc.PNG" lock="1" display="1" group="D">
		<text xywh="6, 28, 274, 150" align="center" font="宋体" size="12" color="#89A4FF, #00CCFF" />
		<bt_close xywh="232, 0, 49, 19" src="bt_close.PNG" />
	</lrc>

	<!--媒体窗口-->
	<media xywh="-144C, 91C, 286, 180" src="media.PNG" lock="1" display="1" group="E">
		<video xywh="4, 25, 278, 152" />
		<bt_close xywh="232, 0, 49, 19" src="bt_close.PNG" />
	</media>

</skin>