﻿<skin ver="1.1" name="蓝调" url="http://253423187.qzone.qq.com" by="路过恋人" email="huoqingchun88@163.com">
	<!--版权所有。请勿更改顶部信息！修改请注明。
                 更新历史：
                 6月16日：音乐列表向左移动一个像素，用于修正滚动条超出窗口内部跑到边框上。
                          音乐列表加高六个像素，上移二个像素，修正上下按钮的位置，更加精确。
                          关闭按钮向下移动两个像素，更加美观。
	-->

	
	<option xywh="0C, 0C, 287, 124" src="playlist_skin.png" lock="0" display="0">
		<pane xywh="8, 30, 269, 80" align="left" font="宋体" size="12" color="#5479c7, #759ff7" />
		<scrollbar thumb_src="scrollbar_thumb.png" button_src="scrollbar_button.png" />
		<bt_close xywh="8R, 5, 20, 20" src="close.png" />
	</option>



	<console xywh="-148C, -140C, 187, 272" src="player.png" lock="0" display="1">
		<bt_play xywh="-1C, 50C, 47, 47" src="play.png" />
		<bt_stop xywh="-1C, 85C, 8, 8" src="stop.png" />
		<bt_prev xywh="-31C, 29C, 9, 9" src="prev.png" />
		<bt_next xywh="28C, 29C, 9, 9" src="next.png" />
		<bt_mute xywh="-70C, -9C, 24, 25" src="mute.png" />
		<bt_random xywh="0C, 0C, 1, 1" src="bt_random.png" />
		<bt_repeat xywh="0C, 0C, 1, 1" src="bt_repeat.png" />
		<volume xywh="-11C, -9C, 95, 9" thumb_src="progress_thumb.png" track_src="volume_fill.png" />
		<progress xywh="0C, 115C, 139, 10" thumb_src="progress_thumb.png" track_src="progress_fill.png" />
		<bt_list xywh="-62C,50C, 14, 9" src="playlist.png" />
		<bt_video xywh="65C, -9C, 26, 25" src="open.png" />
		<bt_lrc xywh="-69C, -41C, 20, 5" src="lyric.png" />
		<bt_option xywh="60C, -122C, 19, 14" src="setup.png" />
		<bt_fullscreen xywh="59C, 51C, 15, 11" src="equalizer.png"/>
		<title xywh="17C, -40C, 145, 20" align="left" font="宋体" size="12" color="#6586d2" />
		<status xywh="-28C, 68, 100, 18" align="left" font="黑体" size="12" color="#4362aa" />
		<time xywh="-33C, 30, 93, 65" align="right" font="Arial Black" size="30" color="#6785cc" />

	</console>

	<list xywh="-91C, 134C, 300, 272" src="playlist_skin.png" lock="0" display="1">
		<list1 xywh="8, 28, 90, 230" align="center" font="宋体" size="12" color="#5479c7, #759ff7" />
		<list2 xywh="99, 28, 192, 230" align="left" font="宋体" size="12" color="#5479c7, #759ff7" />
		<scrollbar thumb_src="scrollbar_thumb.png" button_src="scrollbar_button.png" />
		<bt_close xywh="8R, 5, 20, 20" src="close.png" />
	</list>
	

	<lrc xywh="156C, 134C, 187, 272" src="playlist_skin.png" lock="0" display="1">
		<text xywh="8, 28, 171, 233" align="center" font="宋体" size="12" color="#5479c7, #759ff7" />
		<bt_close xywh="8R, 5, 20, 20" src="close.png" />
	</lrc>


	<media xywh="99C, -140C, 300, 272" src="playlist_skin.png" lock="0" display="1">
		<video xywh="0C, 30, 279, 228" />
		<bt_close xywh="8R, 5, 20, 20" src="close.png" />
	</media>

</skin>