﻿<skin version="1.2" name="RealPlayer 11" url="http://bbs.cenfun.com/" author="CenFun" email="cenfun@gmail.com" mask_color="">
  <option xywh="0C, -13C, 592, 248" src="" mask="" lock="1" display="0" group="A">
    <pane xywh="0, 0, 100P, 100P" align="left" font="宋体" size="12" color="#999999, #ffffff"/>
    <scrollbar thumb_src="scrollbar_thumb.png" button_src="scrollbar_button.png" track_src="scrollbar_track.png"/>
	<event type="open" target="list" property="display" value="0" />
    <event type="open" target="lrc" property="display" value="0" />
  </option>
  <list xywh="0C, -13C, 592, 248" src="" mask="" lock="1" display="0" group="A">
    <tree xywh="0, 0, 100P, 100P" align="left" font="宋体" size="12" color="#999999, #ffffff"/>
    <scrollbar thumb_src="scrollbar_thumb.png" button_src="scrollbar_button.png" track_src="scrollbar_track.png"/>
	<event type="open" target="option" property="display" value="0" />
    <event type="open" target="lrc" property="display" value="0" />
  </list>
  <lrc xywh="0C, -13C, 592, 248" src="" mask="" lock="1" display="0" group="A">
    <text xywh="0, 0, 100P, 100P" align="center" font="宋体" size="12" color="#999999, #ffffff"/>
	<event type="open" target="list" property="display" value="0" />
    <event type="open" target="option" property="display" value="0" />
  </lrc>
  <media xywh="0C, -13C, 592, 248" src="" mask="" lock="1" display="1" group="A">
    <video xywh="0, 0, 100P, 100P"/>
  </media>
  <console xywh="0C, 0C, 600, 400" src="console.png" mask="" lock="0" display="1" group="A">
    <bt_play xywh="8, 23R, 35, 36" src="bt_play.png"/>
    <bt_stop xywh="48, 23R, 26, 36" src="bt_stop.png"/>
    <bt_prev xywh="80, 23R, 26, 36" src="bt_prev.png"/>
    <bt_next xywh="110, 23R, 26, 36" src="bt_next.png"/>
    <bt_random xywh="10R, 36, 15, 15" src="bt_random.png"/>
    <bt_repeat xywh="30R, 36, 15, 15" src="bt_repeat.png"/>
    <bt_mute xywh="95R, 23R, 26, 36" src="bt_mute.png"/>
    <volume xywh="10R, 36R, 80, 8" thumb_src="progress_thumb.png" track_src="progress_track.png"/>
    <progress xywh="145, 36R, 320, 8" thumb_src="progress_thumb.png" track_src="progress_track.png"/>
    <bt_list xywh="15, 26, 73, 35" src="bt_list.png"/>
    <bt_lrc xywh="100, 26, 73, 35" src="bt_lrc.png"/>
    <bt_option xywh="185, 26, 73, 35" src="bt_option.png"/>
    <bt_fullscreen xywh="8R, 4, 17, 16" src="bt_fullscreen.png" tips="全屏"/>
    <title xywh="123, 5, 420, 18" align="left" font="宋体" size="12" color="#cccccc" borderColor="" backgroundColor="" bold="1"/>
    <status xywh="22, 63R, 450, 18" align="left" font="宋体" size="12" color="#333333" borderColor="" backgroundColor="" bold=""/>
    <time xywh="10R, 63R, 100, 18" align="right" font="宋体" size="12" color="#333333" borderColor="" backgroundColor="" bold=""/>
  </console>
</skin>
