﻿<skin ver="1.0" name="QQ2009" url="http://huoqingchun.cn/" by="路过恋人" email="passinglovers@gmail.com" mask_color="">



	<option xywh="5, 5R, 256, 356" src="option_w.png" mask="" lock="1" display="0" group="">
	
		<pane xywh="3, 5C, 98P, 76P" align="left" font="宋体" size="12" color="#003683, #0068FF" />
		
		<scrollbar thumb_src="scrollbar_thumb.png" button_src="scrollbar_button.png" track_src="scrollbar_track.png"/>
		
		<bt_close xywh="10R, 9R, 65, 25" src="option_close.png" />
	</option>

      <lrc xywh="-1C, 99, 4B, 18" src="" mask="" lock="1" display="1" group="">
		
		<text xywh="0, 0, 100P, 100P" align="center" font="宋体" size="12" color="#808080, #000000" />
		
		<bt_close xywh="0, 0, 1, 1" src="" />
	</lrc>
	
	<list xywh="0C, 33C, 3B, 89B" src="" mask="" lock="1" display="1" group="A">
		
		<list1 xywh="0, 0, 30P, 100P" align="left" font="" size="13" color="#808080, #000000" />
		
		<list2 xywh="0R, 0, 70P, 100P" align="left" font="" size="12" color="#808080, #000000" />
		
		<scrollbar thumb_src="scrollbar_thumb.png" button_src="scrollbar_button.png" track_src="scrollbar_track.png"/>
		
		<bt_close xywh="0, 0, 1, 1" src="" />
	</list>
 
	<media xywh="0C, 33C, 3B, 89B" src="w_bg.png" mask="" lock="1" display="0" group="A">
		
		<video xywh="0, 0, 100P, 100P" />
		
		<bt_close xywh="0, 0, 1, 1" src="" />
	</media>


	
	<console xywh="0C, 0C, 100P, 100P" src="console.png" mask="" lock="1" display="1" group="A">
		
		<bt_play xywh="75, 30R, 22, 22" src="bt_blay.png" />
		
		<bt_stop xywh="125, 30R, 22, 22" src="bt_stop.png" />
		
		<bt_prev xywh="50, 30R, 22, 22" src="bt_prev.png" />
		
		<bt_next xywh="100, 30R, 22, 22" src="bt_next.png" />
		
		<bt_random xywh="0, 0, 1, 1" src="" />
		
		<bt_repeat xywh="0, 0, 1, 1" src="" />
		
		<bt_mute xywh="75, 4R, 22, 22" src="bt_mute.png" />
		
		<volume xywh="10R, 30R, 50, 8" thumb_src="volume_thumb.png" track_src="volume_track.png" />
		
		<progress xywh="10R, 42R, 90B, 9" thumb_src="volume_thumb.png" track_src="progress_track.png" />
		
		<bt_list xywh="6, 72, 65, 25" src="list.png" />
		
		<bt_video xywh="72, 72, 65, 25" src="media.png" />
		
		<bt_lrc xywh="137, 72, 1, 1" src="" />
		
		<bt_option xywh="5, 5R, 36, 36" src="option.png" />
		
		<bt_fullscreen xywh="12R, 7, 1, 1" src=""/>
		
		<title xywh="84, 28, 85B, 18" align="left" font="宋体" size="12" color="#000000" borderColor="" backgroundColor="" bold="1" />
		
		<status xywh="59, 48, 100B, 18" align="left" font="宋体" size="12" color="#000000" borderColor="" backgroundColor="" bold="" />
		
		<time xywh="50R, 48, 90, 18" align="right" font="宋体" size="12" color="#000000" borderColor="" backgroundColor="" bold="" />
	</console>

</skin>