﻿<skin ver="1.0" name="RealPlayer" url="http://51cn.ucoz.com/" by="路过恋人" email="huoqingchun88@163.com" mask_color="">

	<option xywh="0C, 0C, 271, 385" src="set_skin.png" mask="" lock="0" display="0" group="">
		<pane xywh="20, 54, 94P, 89P" align="left" font="宋体" size="12" color="#001178, #5f689f" />
		<scrollbar thumb_src="scrollbar_thumb.png" button_src="scrollbar_button.png" track_src="scrollbar_track.png"/>
		<bt_close xywh="8R, 5, 17, 16" src="close.png" />
	</option>

	<list xywh="0C, 0C, 560, 404" src="list_skin.png" mask="" lock="0" display="0" group="">
		<list1 xywh="12, 82, 30P, 85P" align="left" font="宋体" size="12" color="#001178, #5f689f" />
		<list2 xywh="179, 82, 97P, 85P" align="left" font="宋体" size="12" color="#001178, #5f689f" />
		<scrollbar thumb_src="scrollbar_thumb.png" button_src="scrollbar_button.png" track_src="scrollbar_track.png"/>
		<bt_close xywh="8R, 5, 17, 16" src="close.png" />
	</list>

	<lrc xywh="0C, 97C, 548, 20" src="lrc.swf" mask="" lock="0" display="0" group="A">
		<text xywh="8, 25, 100P, 100P" align="center" font="宋体" size="12" color="#00ff00, #ffffff" />
		<bt_close xywh="6R, 0, 1, 1" src="" />
	</lrc>

	<media xywh="0C, -31C, 548, 276" src="video_skin.png" mask="mask.swf" lock="0" display="1" group="A">
		<video xywh="0, 0, 100P, 100P" />
		<bt_close xywh="6R, 0, 1, 1" src="" />
	</media>

	<console xywh="0C, 0C, 567, 395" src="player_skin.png" mask="" lock="0" display="1" group="A">
		<bt_play xywh="14, 336, 47, 33" src="bt_play.png" />
		<bt_stop xywh="65, 341, 22, 22" src="bt_stop.png" />
		<bt_prev xywh="91, 341, 20, 22" src="bt_prev.png" />
		<bt_next xywh="112, 341, 20, 22" src="bt_next.png" />
		<bt_random xywh="-140C, 5C, 25, 25" src="bt_random.png" />
		<bt_repeat xywh="-113C, 5C, 25, 25" src="bt_repeat.png" />
		<bt_mute xywh="457, 341, 22, 22" src="bt_mute.png" />
		<volume xywh="480, 339, 68, 14" thumb_src="volume_thumb.png" track_src="volume_track.png" />
		<progress xywh="132, 350, 310, 3" thumb_src="volume_thumb.png" track_src="progress_track.png" />
		<bt_list xywh="148, 370, 128, 20" src="bt_list.png" />
		<bt_video xywh="456, 375, 13, 13" src="bt_video.png" />
		<bt_lrc xywh="476, 375, 13, 13" src="bt_lrc.png" />
		<bt_option xywh="496, 375, 13, 13" src="bt_option.png" />
		<bt_fullscreen xywh="35R, 7, 17, 17" src="bt_fullscreen.png"/>
		<title xywh="110, 312, 180, 18" align="left" font="宋体" size="12" color="#000000" borderColor="" backgroundColor="" bold="" />
		<status xywh="28, 312, 60, 18" align="left" font="宋体" size="12" color="#000000" borderColor="" backgroundColor="" bold="" />
		<time xywh="403, 312, 94, 18" align="right" font="宋体" size="12" color="#000000" borderColor="" backgroundColor="" bold="" />
	</console>

</skin>