﻿<skin ver="2.0" name="Kitten" url="http://huoqingchun.cn/" by="路过恋人" email="huoqingchun88@163.com" mask_color="">
	<!--
   路过恋人2008年收山之作！
                         原创皮肤 版权所有！
                         未经允许 不得修改！
--><!--
                                                   监制：CenFun 版面设计：CenFun 
-->
	<!--设置窗口-->
	<option xywh="-163C, 0C, 256, 250" src="win-option.png" mask="" lock="1" display="0" group="A">
		<!--设置面板-->
		<pane xywh="0C, 8C, 84P, 78P" align="left" font="宋体" size="12" color="#00685c, #00ffe2"/>
		<!--面板滚动条-->
		<scrollbar thumb_src="scrollbar_thumb.png" button_src="" track_src="scrollbar_track.png"/>
		<!--关闭按钮-->
		<bt_close xywh="0, 0, 1, 1" src=""/>
	</option>
	<!--列表窗口-->
	<list xywh="-163C, 0C, 256, 250" src="win-list.png" mask="" lock="1" display="0" group="A">
		<!--音乐分类列表-->
		<list1 xywh="-77C, 8C, 18P, 78P" align="left" font="宋体" size="13" color="#00685c, #00ffe2"/>
		<!--音乐列表-->
		<list2 xywh="30C, 8C, 68P, 78P" align="left" font="宋体" size="13" color="#00685c, #00ffe2"/>
		<!--列表滚动条-->
		<scrollbar thumb_src="scrollbar_thumb.png" button_src="" track_src="scrollbar_track.png"/>
		<!--关闭按钮-->
		<bt_close xywh="0, 0, 1, 1" src=""/>
	</list>
	<!--媒体窗口-->
	<media xywh="-163C, 0C, 256, 250" src="win-media.png" mask="" lock="1" display="1" group="A">
		<!--视频区(包括混音器)-->
		<video xywh="1C, 8C, 84P, 78P"/>
		<!--关闭按钮-->
		<bt_close xywh="0, 0, 1, 1" src=""/>
	</media>
	<!--歌词窗口-->
	<lrc xywh="-163C, 0C, 256, 250" src="win-lrc.png" mask="lrc_mask.swf" lock="1" display="0" group="A">
		<!--歌词内容面板-->
		<text xywh="0C, 8C, 84P, 78P" align="center" font="宋体" size="14" color="#707270, #eb6100"/>
		<!--关闭按钮-->
		<bt_close xywh="0, 0, 1, 1" src=""/>
	</lrc>
	<!--控制台窗口-->
	<console xywh="0C, 0C, 580, 280" src="console.swf" mask="" lock="" display="1" group="A">
		<!--播放及暂停按钮-->
		<bt_play xywh="58R, 27R, 15, 18" src="play.png"/>
		<!--停止按钮-->
		<bt_stop xywh="41R, 27R, 15, 18" src="stop.png"/>
		<!--上一首按钮-->
		<bt_prev xywh="92R, 27R, 15, 18" src="prev.png"/>
		<!--下一首按钮-->
		<bt_next xywh="75R, 27R, 15, 18" src="next.png"/>
		<!--随机播放开启按钮-->
		<bt_random xywh="0, 0, 1, 1" src=""/>
		<!--重复播放开启按钮-->
		<bt_repeat xywh="0, 0, 1, 1" src=""/>
		<!--静音切换按钮-->
		<bt_mute xywh="24R, 27R, 15, 18" src="mute.png"/>
		<!--音量调节条-->
		<volume xywh="10C, -10C, 56, 9" thumb_src="" track_src="volume.png"/>
		<!--播放进度条-->
		<progress xywh="34C, -35C, 101, 5" thumb_src="progress_thumb.png" track_src="progress_track.png"/>
		<!--列表窗口打开和关闭按钮-->
		<bt_list xywh="-6C, -108C, 40, 23" src="bt_list.png"/>
		<!--视频窗口打开和关闭按钮-->
		<bt_video xywh="34C, -108C, 40, 23" src="bt_media.png"/>
		<!--歌词窗口打开和关闭按钮-->
		<bt_lrc xywh="74C, -108C, 40, 23" src="bt_lrc.png"/>
		<!--设置窗口打开和关闭按钮-->
		<bt_option xywh="114C, -108C, 40, 23" src="bt_option.png"/>
		<!--全屏切换按钮-->
		<bt_fullscreen xywh="0C, 0C, 1, 1" src=""/>
		<!--标题信息栏-->
		<title xywh="58C, -78C, 150, 18" align="left" font="宋体" size="13" color="#003530" borderColor="" backgroundColor="" bold="1"/>
		<!--播放状态信息栏-->
		<status xywh="58C, -60C, 150, 18" align="left" font="宋体" size="12" color="#ffffff" borderColor="" backgroundColor="" bold=""/>
		<!--播放时间栏(当前时间及总时间)-->
		<time xywh="33C, -43C, 100, 18" align="center" font="" size="12" color="#A1B3C3" borderColor="" backgroundColor="" bold=""/>
	</console>
</skin>
<!--
                                                           21:45 2009-2-8

-->