﻿<skin version="1.2" name="大黄蜂" url="http://bbs.cenfun.com/" author="CenFun" email="cenfun@gmail.com" mask_color="">
  <option xywh="0C, 0C, 336, 273" src="option.png" mask="" lock="0" display="0" group="A">
    <pane xywh="8, 25, 320, 240" align="left" font="宋体" size="12" color="#707270, #FF0600"/>
    <scrollbar thumb_src="scrollbar_thumb.png" button_src="scrollbar_button.png" track_src=""/>
    <bt_close xywh="6R, 2, 20, 20" src="bt_close.png"/>
  </option>
  <list xywh="155C, 0C, 170, 115" src="" mask="" lock="0" display="1" group="B">
    <tree xywh="0, 0, 100P, 100P" align="left" font="宋体" size="12" color="#707270, #FF0600"/>
    <scrollbar thumb_src="scrollbar_thumb.png" button_src="scrollbar_button.png" track_src=""/>
  </list>
  <lrc xywh="0C, 165C, 180, 130" src="" mask="" lock="0" display="1" group="B">
    <text xywh="0, 0, 100P, 100P" align="center" font="宋体" size="12" color="#707270, #FFC800"/>
  </lrc>
  <media xywh="-155C, 0C, 170, 115" src="" mask="" lock="0" display="1" group="B">
    <video xywh="0, 0, 100P, 100P"/>
  </media>
  <console xywh="0C, 0C, 608, 608" src="console.swf" mask="" lock="0" display="1" group="B">
    <bt_play xywh="0C, 0C, 112, 112" src="bt_play.png"/>
    <bt_stop xywh="0C, 81C, 40, 28" src="bt_stop.png"/>
    <bt_prev xywh="-51C, 75C, 60, 40" src="bt_prev.png"/>
    <bt_next xywh="51C, 75C, 60, 40" src="bt_next.png"/>
    <bt_random xywh="-41C, -77C, 40, 35" src="bt_random.png"/>
    <bt_repeat xywh="41C, -77C, 40, 35" src="bt_repeat.png"/>
    <bt_mute xywh="-46C, -130C, 11, 11" src="bt_mute.png"/>
    <volume xywh="8C, -130C, 85, 11" thumb_src="" track_src="volume_track.png"/>
    <progress xywh="0C, -153C, 134, 11" thumb_src="progress_thumb.png" track_src="progress_track.png"/>
    <bt_option xywh="0C, -82C, 74, 24" src="bt_option.png"/>
    <title xywh="0C, 110, 175, 18" align="center" font="宋体" size="12" color="#FFC800" borderColor="" backgroundColor="" bold="1"/>
    <status xywh="0C, 190, 82, 18" align="center" font="宋体" size="12" color="#4D4D4D" borderColor="" backgroundColor="" bold=""/>
    <time xywh="0C, 67, 180, 30" align="center" font="Arial" size="24" color="#FFC800" borderColor="" backgroundColor="" bold="1"/>
  </console>
</skin>
