﻿<skin ver="1.0" name="luxxon" url="http://253423187.qzone.qq.com" by="路过恋人" email="huoqingchun88@163.com">
	<!--版权所有。更改请注明。
	-->

	<!--设置窗口-->
	<option xywh="0C, 0C, 280, 154" src="mov_skin.png" lock="0" display="0">
		<pane xywh="15, 7, 245, 120" align="left" font="宋体" size="12" color="#7fffee, #ffffff" />
		<scrollbar thumb_src="scrollbar_thumb.png" button_src="scrollbar_button.png" />
		<bt_close xywh="4R, 22, 10, 11" src="close.png" />
	</option>
<!--媒体窗口-->
	<media xywh="-30C, -45C, 253, 195" src="mov_skin.png" lock="0" display="0" group="">
		<video xywh="-2C, -12C, 219, 163" />
		<bt_close xywh="4R, 22, 10, 11" src="close.png" />
	</media>


	<!--控制台窗口-->
	<console xywh="-127C, 0C, 136, 180" src="player.png" lock="0" display="1" group="">
		<bt_play xywh="39C, 32C, 15, 17" src="play.png" />
		<bt_stop xywh="49C, 22C, 13, 14" src="stop.png" />
		<bt_prev xywh="25C, 43C, 17, 18" src="prev.png" />
		<bt_next xywh="55C, 11C, 11, 12" src="next.png" />
		<bt_mute xywh="-47C, -15C, 9, 9" src="bt_mute.png" />
		<bt_random xywh="-39C, 58C, 16, 16" src="xunhuan.png" />
		<bt_repeat xywh="0C, 0C, 1, 1" src="bt_repeat.png" />
		<volume xywh="-16C, -7C, 46, 10" thumb_src="volume_thumb.png" track_src="yinliang.png" />
                <progress xywh="-14C, -38C, 74, 5" thumb_src="progress_thumb.png" track_src="jindutiao.png" />
		<bt_list xywh="-26C,23C, 16, 16" src="list.png" />
		<bt_video xywh="-23C, 68C, 18, 19" src="mov.png" />
		<bt_lrc xywh="47C, -36C, 11, 14" src="lrc.png" />
		<bt_option xywh="-51C, 46C, 14, 14" src="set.png" />
		<bt_fullscreen xywh="-58C, 33C, 12, 11" src="quanpin.png"/>
		<title xywh="-10C, -28C, 67, 18" align="left" font="宋体" size="9" color="#ffffff" />
		<status xywh="-13C, -20C, 67, 18" align="left" font="宋体" size="9" color="#ffffff" />
		<time xywh="-8C, -11C, 67, 18" align="left" font="宋体" size="9" color="#ffffff" />

	</console>

	<!--列表窗口-->
	<list xywh="90C, 0C, 278, 154" src="mov_skin.png" lock="0" display="1">
		<list1 xywh="10, -12C, 80, 119" align="center" font="宋体" size="12" color="#7fffee, #ffffff" />
		<list2 xywh="86, -12C, 172, 119" align="left" font="宋体" size="12" color="#7fffee, #ffffff" />
		<scrollbar thumb_src="scrollbar_thumb.png" button_src="scrollbar_button.png" />
		<bt_close xywh="5R, 22, 10, 11" src="close.png" />
	</list>
	
	<!--歌词窗口-->
	<lrc xywh="190C, 74C, 238, 154" src="mov_skin.png" lock="0" display="0">
		<text xywh="15, 5, 207, 124" align="center" font="宋体" size="12" color="#5479c7, #ffffff" />
		<bt_close xywh="4R, 22, 10, 11" src="close.png" />
	</lrc>

	

</skin>