﻿<skin ver="1.0" name="QQ Video" url="http://bbs.cenfun.com/" by="CenFun" email="cenfun@gmail.com" mask_color="">
	<option xywh="0, 0, 1, 1" src="" mask="" lock="1" display="0" group="">
		<pane xywh="0, 0, 1, 1" align="left" font="" size="12" color="#00ff00, #ffffff"/>
		<scrollbar thumb_src="" button_src="" track_src=""/>
		<bt_close xywh="0, 0, 1, 1" src=""/>
	</option>
	<list xywh="0, 0, 1, 1" src="" mask="" lock="1" display="0" group="">
		<list1 xywh="0, 0, 1, 1" align="center" font="" size="12" color="#00ff00, #ffffff"/>
		<list2 xywh="0, 0, 1, 1" align="left" font="" size="12" color="#00ff00, #ffffff"/>
		<scrollbar thumb_src="" button_src="" track_src=""/>
		<bt_close xywh="0, 0, 1, 1" src=""/>
	</list>
	<lrc xywh="0, 0, 1, 12" src="" mask="" lock="1" display="0" group="">
		<text xywh="0, 0, 1, 1" align="center" font="" size="12" color="#00ff00, #ffffff"/>
		<bt_close xywh="0, 0, 1, 1" src=""/>
	</lrc>
	<media xywh="0, 34R, 100P, 100P" src="media.swf" mask="" lock="1" display="1" group="">
		<video xywh="0, 0, 100P, 100P"/>
		<bt_close xywh="0, 0, 1, 1" src=""/>
	</media>
	<console xywh="0, 0R, 100P, 34" src="console.png" mask="" lock="1" display="1" group="">
		<bt_play xywh="10, 3, 28, 28" src="bt_play.png"/>
		<bt_stop xywh="45, 6, 22, 22" src="bt_stop.png"/>
		<bt_prev xywh="0, 0, 1, 1" src=""/>
		<bt_next xywh="0, 0, 1, 1" src=""/>
		<bt_random xywh="0, 0, 1, 1" src=""/>
		<bt_repeat xywh="0, 0, 1, 1" src=""/>
		<bt_mute xywh="74, 6, 22, 22" src="bt_mute.png"/>
		<volume xywh="0, 0, 1, 1" thumb_src="" track_src=""/>
		<progress xywh="-12C, 14, 118B, 6" thumb_src="progress_thumb.png" track_src="progress_track.png"/>
		<bt_list xywh="0, 0, 1, 1" src=""/>
		<bt_video xywh="0, 0, 1, 1" src=""/>
		<bt_lrc xywh="0, 0, 1, 1" src=""/>
		<bt_option xywh="0, 0, 1, 1" src=""/>
		<bt_fullscreen xywh="10R, 6, 22, 22" src="bt_fullscreen.png"/>
		<title xywh="0R, 0, 1, 1" align="left" font="Verdana" size="12" color="#000000" borderColor="" backgroundColor="" bold=""/>
		<status xywh="0R, 0, 1, 1" align="center" font="Verdana" size="12" color="#000000" borderColor="" backgroundColor="" bold=""/>
		<time xywh="38R, 8, 100, 16" align="right" font="Verdana" size="10" color="#ffffff" borderColor="" backgroundColor="" bold=""/>
	</console>
</skin>
