﻿<skin version="1.3" name="RealPlayer" url="http://bbs.cenfun.com/" author="CenFun" email="cenfun@gmail.com" mask_color="">
  <option xywh="0C, 0C, 336, 273" src="option.png" mask="" lock="0" display="0" group="A">
    <pane xywh="8, 29, 320, 218" align="left" font="宋体" size="12" color="#3F3F3F, #605EA0" />
    <scrollbar thumb_src="scrollbar_thumb.png" button_src="scrollbar_button.png" track_src=""/>
    <bt_close xywh="16R, 8, 17, 16" src="bt_close.png" />
  </option>
  <list xywh="168C, 56C, 250, 273" src="list.png" mask="" lock="0" display="1" group="C">
    <tree xywh="9, 29, 232, 218" align="left" font="宋体" size="12" color="#3F3F3F, #605EA0" />
    <scrollbar thumb_src="scrollbar_thumb.png" button_src="scrollbar_button.png" track_src=""/>
    <bt_close xywh="16R, 8, 17, 16" src="bt_close.png" />
  </list>
  <lrc xywh="168C, -136C, 250, 112" src="lrc.png" mask="" lock="0" display="1" group="D">
    <text xywh="8, 29, 232, 57" align="center" font="宋体" size="12" color="#3F3F3F, #605EA0" />
    <bt_close xywh="16R, 8, 17, 16" src="bt_close.png" />
  </lrc>
  <media xywh="-125C, 56C, 336, 273" src="media.png" mask="mask.swf" lock="0" display="1" group="E">
    <video xywh="8, 28, 320, 220" />
    <bt_close xywh="16R, 8, 17, 16" src="bt_close.png" />
  </media>
  <console xywh="-125C, -136C, 336, 112" src="console.png" mask="" lock="0" display="1" group="B">
    <bt_play xywh="14, 52, 47, 33" src="bt_play.png" />
    <bt_stop xywh="65, 58, 22, 22" src="bt_stop.png" />
    <bt_prev xywh="90, 58, 20, 22" src="bt_prev.png" />
    <bt_next xywh="110, 58, 20, 22" src="bt_next.png" />
    <bt_random xywh="60, 90, 15, 15" src="bt_random.png" />
    <bt_repeat xywh="80, 90, 15, 15" src="bt_repeat.png" />
    <bt_mute xywh="225, 56, 23, 23" src="bt_mute.png" />
    <volume xywh="248, 56, 70, 24" thumb_src="volume_thumb.png" track_src="volume_track.png" />
    <progress xywh="133, 67, 90, 3" thumb_src="progress_thumb.png" track_src="progress_track.png" />
    <bt_list xywh="235, 90, 15, 15" src="bt_list.png" />
    <bt_video xywh="255, 90, 15, 15" src="bt_video.png" />
    <bt_lrc xywh="275, 90, 15, 15" src="bt_lrc.png" />
    <bt_option xywh="295, 90, 15, 15" src="bt_option.png" />
    <bt_fullscreen xywh="300, 7, 17, 16" src="bt_fullscreen.png"/>
    <title xywh="105, 7, 165, 18" align="left" font="宋体" size="12" color="#3F3F3F" borderColor="" backgroundColor="" bold="" />
    <status xywh="28, 32, 190, 18" align="left" font="宋体" size="12" color="#272D14" borderColor="" backgroundColor="" bold="" />
    <time xywh="228, 32, 90, 18" align="center" font="宋体" size="12" color="#272D14" borderColor="" backgroundColor="" bold="" />
  </console>
</skin>
