﻿<skin ver="1.0" name="QQ空间版皮肤" url="http://253423187.qzone.qq.com" by="路过恋人" email="huoqingchun88@163.com">
	<!--
	CMP皮肤模板
	ver="皮肤的版本号" name="皮肤名称" url="皮肤官方网址" by="皮肤作者" email="联系人电子邮箱"

	部分参数说明如下。

	===公共属性===
	【xywh】
	为4个数值，用英文逗号(,)隔开，分别表示对象的x横坐标、y纵坐标、w宽、h高
	若只有数字表示绝对像素值，也可数字加以下字母表相对值：
	x/y:C(center水平/垂直居中对齐), R(reverse水平/垂直反向对齐，即从右下角对齐，默认为左上角)
	w/h:P(percent宽/高百分比)
	【src】
	皮肤源地址(皮肤包中的文件全名，支持路径)，支持格式有Flash动画文件(SWF)或图像文件(JPG、PNG、GIF)
	具体皮肤文件要求，请参见CMP皮肤模板包文件
	背景为1个状态，按钮为4个状态(4x1,切割方式,即横向切成4份,竖排切成1份)

	===窗口相关===
	【lock】
	是否锁定对象，锁定后将不能拖动对象和改变对象叠放层次
	1表示锁定；0表示不锁定
	【display】
	是否显示对象
	1表示显示对象；0表示隐藏对象

	===滑动条及滚动条===
	【thumb_src】
	滑块的皮肤源地址，滑动条中为4个状态(4x1)，滚动条为3个状态(3x1)
	【track_src】
	滑块轨道的皮肤源地址，2个状态(1x2)
	【button_src】
	滚动条上下按钮皮肤源地址，6个状态(3x2)

	===文本格式===
	【align】
	对齐方式，支持left(居左)、center(居中)、right(居右)三种
	【font】
	字体名称，默认为Verdana
	【size】
	字体大小，单位为像素，默认为12
	【color】
	歌词的颜色，分两个值，第一个颜色表默认所有的颜色，第二个表加亮行颜色。
	相关颜色值可去(http://cmp.cenfun.com/help/color.htm)查询

	-->

	<!--设置窗口-->
	<option xywh="-100C, 0C, 287, 114" src="up.png" lock="0" display="0">
		<pane xywh="8, 25, 269, 80" align="left" font="宋体" size="12" color="#ff8eae, #fb5c88" />
		<scrollbar thumb_src="scrollbar_thumb.png" button_src="scrollbar_button.png" />
		<bt_close xywh="10R, 3, 15, 15" src="bt_close.png" />
	</option>


	<!--控制台窗口-->
	<console xywh="-130C, -100C, 287, 165" src="play.png" lock="0" display="1">
		<bt_play xywh="-75C, 58C, 38, 38" src="bt_play.png" />
		<bt_stop xywh="-33C, 58C, 38, 38" src="stop.png" />
		<bt_prev xywh="-116C, 58C, 38, 38" src="bt_prev.png" />
		<bt_next xywh="11C, 58C, 38, 38" src="bt_next.png" />
		<bt_mute xywh="43C, 58C, 10, 9" src="mute.png" />
		<bt_random xywh="-38C, -30C, 10, 10" src="btrandom.png" />
		<bt_repeat xywh="33C, -30C, 10, 10" src="btrepeat.png" />
		<volume xywh="93C, 58C, 82, 6" thumb_src="progress_thumb.png" track_src="progress2.png" />
		<progress xywh="-49C, 34C, 175, 6" thumb_src="progress_thumb.png" track_src="progress_fill.png" />
		<bt_list xywh="62C,36C, 17, 13" src="playlist.png" />
		<bt_video xywh="89C, 36C, 17, 13" src="equalizer.png" />
		<bt_lrc xywh="116C, 36C, 17, 13" src="lrc.png" />
		<bt_option xywh="10R, 149R, 17, 13" src="set.png" />
		<bt_fullscreen xywh="-10R, -10R, 13, 13" src="btfullscreen.png"/>
		<title xywh="13, 34, 150, 18" align="left" font="宋体" size="12" color="#FFFFFF" />
		<status xywh="190, 50, 85, 18" align="left" font="黑体" size="12" color="#f1f1f1" />
		<time xywh="210, 30, 45, 25" align="right" font="Georgia" size="15" color="#f1f1f1" />

	</console>

	<!--列表窗口-->
	<list xywh="-130C, 112C, 287, 250" src="bt_list.png" lock="0" display="1">
		<list1 xywh="5, 25, 90, 187" align="left" font="宋体" size="12" color="#ff8eae, #fb5c88" />
		<list2 xywh="95, 25, 185, 217" align="left" font="宋体" size="12" color="#ff8eae, #fb5c88" />
		<scrollbar thumb_src="scrollbar_thumb.png" button_src="scrollbar_button.png" />
		<bt_close xywh="10R, 3, 15, 15" src="bt_close.png" />
	</list>
	
	<!--歌词窗口-->
	<lrc xywh="162C, 153C, 287, 165" src="bt_lrc.png" lock="0" display="1">
		<text xywh="8, 25, 234, 80" align="center" font="宋体" size="12" color="#000000, #ffffff" />
		<bt_close xywh="10R, 3, 15, 15" src="bt_close.png" />
	</lrc>

	<!--媒体窗口-->
	<media xywh="162C, -58C, 287, 250" src="video.png" lock="0" display="1">
		<video xywh="0C, 19, 281, 210" />
		<bt_close xywh="10R, 3, 15, 15" src="bt_close.png" />
	</media>

</skin>