﻿<skin version="1.0" name="圣诞" url="http://bbs.cenfun.com/" author="CenFun" email="cenfun@gmail.com" readme="" mask_color="" preview="">
	<option xywh="200C, 5C, 195, 282" src="win.png" mask="" lock="1" display="0" group="A" fade="0">
		<pane xywh="8, 1R, 100P, 100P" align="left" font="宋体" size="12" color="#333333, #000000" />
		<scrollbar thumb_src="scrollbar_thumb.png" button_src="scrollbar_button.png" track_src="scrollbar_track.png"/>
		<bt_close xywh="1, 0C, 5, 50" src="bt_close.png" tips="关闭设置" />
		<event type="open" target="lrc" property="display" value="0" />
		<event type="open" target="list" property="display" value="0" />
		<event type="open" target="media" property="xywh" value="-97C, -5C, 400, 260" />
		<event type="close" target="media" property="xywh" value="0C, -5C, 596, 260" />
		<event type="open" target="console.time" property="xywh" value="12C, 136C, 180, 17" />
		<event type="close" target="console.time" property="xywh" value="205C, 136C, 180, 17" />
	</option>
	<lrc xywh="200C, 5C, 195, 282" src="win.png" lock="1" display="0" group="A" fade="0">
		<text xywh="6, 1R, 100P, 100P" align="center" font="宋体" size="12" bold="0,1" color="#333333, #000000" horizontal="0" max_scale="3" />
		<bt_close xywh="1, 0C, 5, 50" src="bt_close.png" tips="关闭歌词" />
		<event type="open" target="option" property="display" value="0" />
		<event type="open" target="list" property="display" value="0" />
		<event type="open" target="media" property="xywh" value="-97C, -5C, 400, 260" />
		<event type="close" target="media" property="xywh" value="0C, -5C, 596, 260" />
		<event type="open" target="console.time" property="xywh" value="12C, 136C, 180, 17" />
		<event type="close" target="console.time" property="xywh" value="205C, 136C, 180, 17" />
	</lrc>
	<list xywh="200C, 5C, 195, 282" src="list.png" lock="1" display="1" group="A" fade="0">
		<tree xywh="6, 21R, 100P, 100P" align="left" font="宋体" size="12" bold="0,1" color="#333333, #000000" />
		<search xywh="6, 0R, 174, 20" align="left" font="Arial" size="12" color="#999999, #666666" value="请输入关键字" />
		<scrollbar thumb_src="scrollbar_thumb.png" button_src="scrollbar_button.png" track_src="scrollbar_track.png"/>
		<bt_close xywh="1, 0C, 5, 50" src="bt_close.png" tips="关闭列表" />
		<event type="open" target="lrc" property="display" value="0" />
		<event type="open" target="option" property="display" value="0" />
		<event type="open" target="media" property="xywh" value="-97C, -5C, 400, 260" />
		<event type="close" target="media" property="xywh" value="0C, -5C, 596, 260" />
		<event type="open" target="console.time" property="xywh" value="12C, 136C, 180, 17" />
		<event type="close" target="console.time" property="xywh" value="205C, 136C, 180, 17" />
	</list>
	<media xywh="-97C, -5C, 400, 260" lock="0" display="1" group="A">
		<video xywh="0, 0, 100P, 100P" />
	</media>
	<console xywh="0C, 0C, 800, 800" src="console.swf" lock="0" display="1" group="A" shadow="5,45,#000000,0.3,4,4,1,3">
		<bt_play xywh="-275C, 173C, 40, 40" src="bt_play.png" />
		<bt_stop xywh="-238C, 180C, 23, 24" src="bt_stop.png" />
		<bt_prev xywh="-213C, 180C, 23, 24" src="bt_prev.png" />
		<bt_next xywh="-188C, 180C, 23, 24" src="bt_next.png" />
		<bt_mute xywh="130C, 180C, 23, 24" src="bt_mute.png" />
		<volume xywh="180C, 179C, 70, 7" thumb_src="volume_thumb.png" track_src="progress_track.png" />
		<progress xywh="22C, 160C, 535, 7" thumb_src="progress_thumb.png" track_src="progress_track.png" />	
		<bt_repeat xywh="230C, 180C, 23, 24" src="bt_repeat.png" />
		<bt_random xywh="255C, 180C, 23, 24" src="bt_random.png" />
		<bt_fullscreen xywh="280C, 180C, 23, 24" src="bt_fullscreen.png" tips="打开全屏,退出全屏" />
		<bt_lrc xywh="45C, -156C, 78, 38" src="bt_lrc.png" tips="关闭歌词,打开歌词" />
		<bt_list xywh="145C, -156C, 78, 38" src="bt_list.png" tips="关闭列表,打开列表" />
		<bt_option xywh="245C, -156C, 78, 38" src="bt_option.png" tips="关闭设置,打开设置" />
		<title xywh="-25C, 180C, 280, 17" align="left" font="宋体" size="12" color="#333333" bold="1" />
		<status xywh="-195C, 136C, 200, 17" align="left" font="宋体" size="12" color="#8f969e" />
		<time xywh="12C, 136C, 180, 17" align="right" font="宋体" size="12" color="#8f969e" />
	</console>
</skin>