﻿<skin ver="1.0" name="简蓝单视频版" url="http://bbs.cenfun.com/" by="CenFun" email="cenfun@gmail.com" mask_color="">
	<option xywh="0, 0, 1, 1" src="" mask="" lock="1" display="0" group="">
		<pane xywh="0, 0, 1, 1" align="left" font="" size="12" color="#00ff00, #ffffff"/>
		<scrollbar thumb_src="" button_src="" track_src=""/>
		<bt_close xywh="0, 0, 1, 1" src=""/>
	</option>
	<list xywh="0, 0, 1, 1" src="" mask="" lock="1" display="0" group="">
		<list1 xywh="0, 0, 1, 1" align="center" font="" size="12" color="#00ff00, #ffffff"/>
		<list2 xywh="0, 0, 1, 1" align="left" font="" size="12" color="#00ff00, #ffffff"/>
		<scrollbar thumb_src="" button_src="" track_src=""/>
		<bt_close xywh="0, 0, 1, 1" src=""/>
	</list>
	<lrc xywh="0, 0, 1, 12" src="" mask="" lock="1" display="0" group="">
		<text xywh="0, 0, 1, 1" align="center" font="" size="12" color="#00ff00, #ffffff"/>
		<bt_close xywh="0, 0, 1, 1" src=""/>
	</lrc>
	<media xywh="0, 50R, 100P, 100P" src="media.swf" mask="" lock="1" display="1" group="">
		<video xywh="0, 0, 100P, 100P"/>
		<bt_close xywh="0, 0, 1, 1" src=""/>
	</media>
	<console xywh="0, 0R, 100P, 50" src="console.swf" mask="" lock="1" display="1" group="A">
		<bt_play xywh="3, 20, 26, 26" src="bt_play.png"/>
		<bt_stop xywh="32, 20, 26, 26" src="bt_stop.png"/>
		<bt_prev xywh="0, 0, 1, 1" src=""/>
		<bt_next xywh="0, 0, 1, 1" src=""/>
		<bt_random xywh="0, 0, 1, 1" src=""/>
		<bt_repeat xywh="0, 0, 1, 1" src=""/>
		<bt_mute xywh="56R, 29, 16, 10" src="bt_mute.png"/>
		<volume xywh="3R, 31, 50, 6" thumb_src="volume_thumb.png" track_src="volume_track.png"/>
		<progress xywh="0C, 6, 3B, 8" thumb_src="progress_thumb.png" track_src="progress_track.png"/>
		<bt_list xywh="0, 0, 1, 1" src=""/>
		<bt_video xywh="0, 0, 1, 1" src=""/>
		<bt_lrc xywh="0, 0, 1, 1" src=""/>
		<bt_option xywh="0, 0, 1, 1" src=""/>
		<bt_fullscreen xywh="78R, 20, 26, 26" src="bt_fullscreen.png"/>
		<title xywh="0, 0, 1, 1" align="left" font="Verdana" size="12" color="#0072FF" borderColor="" backgroundColor="" bold=""/>
		<status xywh="0, 0, 1, 1" align="center" font="Verdana" size="12" color="#42453E" borderColor="#BACBE9" backgroundColor="#F0F9FF" bold=""/>
		<time xywh="63, 25, 100, 15" align="left" font="Verdana" size="9" color="#42453E" borderColor="" backgroundColor="" bold=""/>
	</console>
</skin>
