﻿<skin ver="1.0" name="Winamp Modern" url="hhtp://253423187.qzone.qq.com/" by="路过恋人" email="huoqingchun88@163.com" mask_color="">

<option xywh="0C, 0C, 320, 240" src="win.swf" lock="0" display="0" group="">
		<pane xywh="0C, 8C, 306, 202" align="left" font="Verdana" size="12" color="#ABD5FD, #0072FF" />
		<scrollbar thumb_src="scrollbar_thumb.png" button_src="scrollbar_button.png" />
		<bt_close xywh="7R, 5, 12, 11" src="close.png" />
	</option>

<list xywh="-146C, 77C, 290, 240" src="win.swf" lock="0" display="1" group="">
		<list1 xywh="0, 8C, 94, 202" align="left" font="Verdana" size="12" color="#ABD5FD, #0072FF" />
		<list2 xywh="94, 8C, 190, 202" align="left" font="Verdana" size="12" color="#ABD5FD, #0072FF" />
		<scrollbar thumb_src="scrollbar_thumb.png" button_src="scrollbar_button.png" />
		<bt_close xywh="7R, 5, 12, 11" src="close.png" />
	</list>

<lrc xywh="146C, 122C, 290, 150" src="lrcwin.swf" lock="0" display="1" group="">

		<text xywh="0, 20, 280, 120" align="center" font="Verdana" size="12" color="#ABD5FD, #0072FF" />
                <bt_close xywh="6R, 4, 11, 10" src="close.png" />
</lrc>

<media xywh="146C, -72C, 290, 236" src="win.swf" lock="0" display="1" group="">
                <video xywh="7, 26, 277, 199" />
                <bt_close xywh="5R, 5, 12, 11" src="close.png" />
</media>

<console xywh="-146C, -117C, 290, 145" src="bop.swf" lock="0" display="1" group="">
                <bt_play xywh="-95C, 54C, 30, 29" src="play.gif" />
                <bt_stop xywh="-65C, 54C, 30, 29" src="stop.gif" />
                <bt_prev xywh="-125C, 54C, 30, 29" src="prev.gif" />
                <bt_next xywh="-35C, 54C, 30, 29" src="next.gif" />
                <bt_random xywh="190, 20, 26, 26" src="bt_random.png" />
                <bt_repeat xywh="216, 20, 26, 26" src="bt_repeat.png" />
                <bt_mute xywh="-3C, 58C, 13, 13" src="mute.gif" />
                <volume xywh="54C, 60C, 83, 4" thumb_src="thumb.png" track_src="volume_fill.png" />
                <progress xywh="9, 26C, 183, 4" thumb_src="progress_thumb.png" track_src="progress_fill.png" />
                <bt_list xywh="122C, 28C, 22, 13" src="playlist.gif" />
                <bt_video xywh="95C, 28C, 22, 13" src="equalizer.gif" />
                <bt_lrc xywh="68C, 28C, 22, 13" src="lyric.gif" />
                <bt_option xywh="118C, 4C, 24, 23" src="open.gif" />
                <bt_fullscreen xywh="2R, 6, 26, 26" src="bt_fullscreen.gif"/>
                <title xywh="-33C, 0C, 175, 18" align="left" font="Verdana" size="12" color="#0072FF" borderColor="" backgroundColor="" />
                <status xywh="-7C, -16C, 70, 17" align="center" font="Verdana" size="12" color="#FFFFFF" borderColor="" backgroundColor="" />
                <time xywh="-100C, -30C, 64, 30" align="center" font="Verdana" size="20" color="#FFFFFF" borderColor="" backgroundColor="" />
	</console>

</skin>
