﻿<skin ver="1.0" name="Speed Underground" url="http://22766966.qzone.qq.com" by="lee jinxi" email="ljx9812@163.com" mask_color="#FC0101">
	<!--设置窗口-->
	<option xywh="0C, 0C, 339, 158" src="win.swf" mask="" lock="" display="0" group="">
		<!--设置面板-->
		<pane xywh="32,36, 89P, 76P" align="left" font="宋体" size="12" color="#3676ff, #FFFFFF"/>
		<!--面板滚动条-->
		<scrollbar thumb_src="scrollbar_thumb.png" button_src="scrollbar_button.png" track_src="scrollbar_track.png"/>
		<!--关闭按钮-->
		<bt_close xywh="273,6, 19,19" src="bt_close.png"/>
	</option>
	<!--歌词窗口-->
	<lrc xywh="0C, 0C,339, 158" src="win.swf" mask="" lock="0" display="0" group="">
		<!--歌词内容面板-->
		<text xywh="43, 52, 85P,56P" align="center" font="宋体" size="12" color="#3676ff, #FFFFFF"/>
		<!--关闭按钮-->
		<bt_close xywh="273, 6, 19,19" src="bt_close.png"/>
	</lrc>
	<!--媒体窗口-->
	<media xywh="0C, 0C,411,282" src="video.swf" mask="" lock="" display="0" group="">
		<!--视频区(包括混音器)-->
		<video xywh="33, 36, 91P, 88P"/>
		<!--关闭按钮-->
		<bt_close xywh="345,6, 19, 19" src="bt_close.png"/>
	</media>
	<!--列表窗口-->
	<list xywh="0C, 0C, 339, 158" src="win.swf" mask="" lock="0" display="0" group="">
		<!--音乐分类列表-->
		<list1 xywh="32,36, 35P, 76P" align="left" font="宋体" size="12" color="#3676ff, #FFFFFF"/>
		<!--音乐列表-->
		<list2 xywh="140, 36, 83P, 76P" align="left" font="宋体" size="12" color="#3676ff, #FFFFFF"/>
		<!--列表滚动条-->
		<scrollbar thumb_src="scrollbar_thumb.png" button_src="scrollbar_button.png" track_src="scrollbar_track.png"/>
		<!--关闭按钮-->
		<bt_close xywh="273,6, 19,19" src="bt_close.png"/>
	</list>
	<!--控制台窗口-->
	<console xywh="0C, 0C, 300,298" src="newskin.swf" mask="" lock="" display="1" group="A">
		<!--播放及暂停按钮-->
		<bt_play xywh="105C, 8C,23,23" src="bt_play.png"/>
		<!--停止按钮-->
		<bt_stop xywh="96C, 47C, 23, 23" src="bt_stop.png"/>
		<!--上一首按钮-->
		<bt_prev xywh="100C, -33C, 23, 23" src="bt_prev.png"/>
		<!--下一首按钮-->
		<bt_next xywh="70C,81C,23, 23" src="bt_next.png"/>
		<!--随机播放开启按钮-->
		<bt_random xywh="53C, 130C, 19,19" src="bt_random.png"/>
		<!--重复播放开启按钮-->
		<bt_repeat xywh="97C, 102C, 19, 19" src="bt_repeat.png"/>
		<!--静音切换按钮-->
		<bt_mute xywh="-76C, -118C, 55, 40" src="bt_mute.png"/>
		<!--播放进度条-->
		<progress xywh="-2C, 55C, 176, 71" thumb_src="" track_src="bt_seek.png"/>
		<!--列表窗口打开和关闭按钮-->
		<bt_list xywh="-95C,-48C,23, 23" src="bt_list.png"/>
		<!--视频窗口打开和关闭按钮-->
		<bt_video xywh="-70C, -80C, 23, 23" src="bt_video.png"/>
		<!--歌词窗口打开和关闭按钮-->
		<bt_lrc xywh="-105C, -8C,23, 23" src="bt_lrc.png"/>
		<!--设置窗口打开和关闭按钮-->
		<bt_option xywh="-100C, 33C, 23, 23" src="bt_option.png"/>
		<!--全屏切换按钮-->
		<bt_fullscreen xywh="80C,123C,30,30" src="bt_screen.png"/>
		<!--标题信息栏-->
		<title xywh="-2C, -22C, 170, 18" align="center" font="宋体" size="12" color="#00e1ef" borderColor="" backgroundColor="" bold=""/>
		<!--播放状态信息栏-->
		<status xywh="0C, -45C, 110, 18" align="center" font="宋体" size="12" color="#00e1ef" borderColor="" backgroundColor="" bold=""/>
		<!--播放时间栏(当前时间及总时间)-->
		<time xywh="2C, 35C, 100, 18" align="center" font="宋体" size="12" color="#00e1ef" borderColor="" backgroundColor="" bold="1"/>
                     <!--音量调节条-->
		<volume xywh="-1C, -67C,153,49" thumb_src="" track_src="bt_volume.png"/>

	</console>
</skin>